order_id,order_date,customer_id,product,category,region,quantity,unit_price
ORD-00001,2023-04-25,CUST-0058,Laptop Pro 15,Electronics,South,12,1330.73
ORD-00002,2023-03-31,CUST-0024,Whiteboard,Office Supplies,South,7,77.85
ORD-00003,2023-01-28,CUST-0180,Desk Lamp,Furniture,Central,4,39.67
ORD-00004,2024-04-04,CUST-0002,Whiteboard,Office Supplies,South,5,81.57
ORD-00005,2023-12-15,CUST-0196,Monitor 27in,Electronics,East,3,336.07
ORD-00006,2024-01-25,CUST-0155,Wireless Mouse,Electronics,East,6,30.91
ORD-00007,2024-04-15,CUST-0097,Desk Lamp,Furniture,North,2,40.2
ORD-00008,2024-01-06,CUST-0012,Whiteboard,Office Supplies,South,4,82.17
ORD-00009,2023-03-23,CUST-0098,Printer Paper (Ream),Office Supplies,East,4,12.93
ORD-00010,2024-01-09,CUST-0172,USB-C Hub,Electronics,East,6,51.0
ORD-00011,2023-03-15,CUST-0187,Whiteboard,Office Supplies,South,11,77.3
ORD-00012,2024-01-24,CUST-0143,Monitor 27in,Electronics,South,15,356.45
ORD-00013,2023-02-27,CUST-0081,Mechanical Keyboard,Electronics,West,14,126.97
ORD-00014,2023-08-05,CUST-0081,Stapler,Office Supplies,South,10,20.3
ORD-00015,2024-02-10,CUST-0037,Stapler,Office Supplies,East,15,19.27
ORD-00016,2023-09-27,CUST-0150,Ballpoint Pens (Box),Office Supplies,West,10,14.78
ORD-00017,2023-05-22,CUST-0013,Desk Lamp,Furniture,North,8,38.6
ORD-00018,2023-06-13,CUST-0017,Notebook A4,Office Supplies,West,11,7.9
ORD-00019,2024-04-24,CUST-0003,Desk Lamp,Furniture,North,5,40.72
ORD-00020,2023-10-01,CUST-0076,Notebook A4,Office Supplies,West,11,7.72
ORD-00021,2023-01-04,CUST-0129,Ballpoint Pens (Box),Office Supplies,South,15,15.0
ORD-00022,2023-04-19,CUST-0164,Printer Paper (Ream),Office Supplies,Central,11,13.13
ORD-00023,2023-06-06,CUST-0200,Office Chair,Furniture,Central,13,416.73
ORD-00024,2023-11-28,CUST-0093,Bookshelf,Furniture,East,1,146.08
ORD-00025,2023-09-04,CUST-0022,Stapler,Office Supplies,West,10,20.62
ORD-00026,2024-06-29,CUST-0122,Notebook A4,Office Supplies,Central,3,7.72
ORD-00027,2024-06-24,CUST-0055,Printer Paper (Ream),Office Supplies,Central,10,13.32
ORD-00028,2023-07-25,CUST-0172,Ballpoint Pens (Box),Office Supplies,East,5,14.9
ORD-00029,2024-06-13,CUST-0017,Bookshelf,Furniture,East,2,142.81
ORD-00030,2023-08-24,,Whiteboard,Office Supplies,North,4,77.82
ORD-00031,2023-02-02,CUST-0061,Printer Paper (Ream),Office Supplies,East,6,13.21
ORD-00032,2023-08-08,CUST-0147,Desk Lamp,Furniture,Central,3,39.88
ORD-00033,2024-04-29,CUST-0025,Notebook A4,Office Supplies,West,7,7.87
ORD-00034,2024-02-25,CUST-0173,Bookshelf,Furniture,North,14,143.4
ORD-00035,2023-12-14,CUST-0050,Notebook A4,Office Supplies,South,14,8.02
ORD-00036,2023-05-24,CUST-0064,Standing Desk,Furniture,North,3,546.86
ORD-00037,2023-04-11,CUST-0004,Laptop Pro 15,Electronics,North,11,1355.42
ORD-00038,2023-08-31,CUST-0055,USB-C Hub,Electronics,West,7,52.0
ORD-00039,2023-06-18,CUST-0068,Standing Desk,Furniture,West,1,538.18
ORD-00040,2024-05-13,CUST-0015,USB-C Hub,Electronics,Central,4,51.17
ORD-00041,2023-03-04,CUST-0150,Ballpoint Pens (Box),Office Supplies,West,6,14.99
ORD-00042,2024-06-27,CUST-0021,USB-C Hub,Electronics,South,1,47.83
ORD-00043,2023-03-11,CUST-0031,Sticky Notes (Pack),Office Supplies,Central,14,9.74
ORD-00044,2023-02-10,CUST-0150,Whiteboard,Office Supplies,Central,2,80.17
ORD-00045,2023-09-25,CUST-0062,Mechanical Keyboard,Electronics,East,11,128.64
ORD-00046,2023-11-04,CUST-0019,Bookshelf,Furniture,North,6,149.36
ORD-00047,2023-04-13,CUST-0068,Wireless Mouse,Electronics,South,9,31.29
ORD-00048,2023-03-12,CUST-0041,Stapler,Office Supplies,West,4,20.66
ORD-00049,2023-11-06,CUST-0003,Whiteboard,Office Supplies,Central,13,78.39
ORD-00050,2023-04-17,CUST-0028,Stapler,Office Supplies,Central,3,19.3
ORD-00051,2023-10-16,CUST-0053,Whiteboard,Office Supplies,East,4,80.03
ORD-00052,2023-09-15,CUST-0024,Stapler,Office Supplies,West,15,20.65
ORD-00053,2023-02-15,CUST-0164,Laptop Pro 15,Electronics,East,6,1256.0
ORD-00054,2024-03-28,CUST-0003,Desk Lamp,Furniture,North,12,38.29
ORD-00055,2023-06-02,CUST-0150,Desk Lamp,Furniture,Central,1,38.58
ORD-00056,2023-05-11,CUST-0011,Laptop Pro 15,Electronics,East,5,1262.3
ORD-00057,2023-09-13,CUST-0144,Sticky Notes (Pack),Office Supplies,West,2,10.46
ORD-00058,2023-06-08,CUST-0042,Stapler,Office Supplies,South,15,20.75
ORD-00059,2023-01-26,CUST-0106,USB-C Hub,Electronics,South,12,48.82
ORD-00060,2023-04-21,CUST-0121,Standing Desk,Furniture,South,14,533.47
ORD-00061,2024-04-16,CUST-0059,Office Chair,Furniture,South,5,380.94
ORD-00062,2023-07-17,CUST-0018,Standing Desk,Furniture,East,6,541.8
ORD-00063,2024-06-05,CUST-0138,Standing Desk,Furniture,East,11,574.15
ORD-00064,2023-04-29,CUST-0068,Stapler,Office Supplies,North,5,19.21
ORD-00065,2024-03-20,CUST-0112,Office Chair,Furniture,Central,12,419.36
ORD-00066,2023-04-29,CUST-0066,Standing Desk,Furniture,North,15,561.47
ORD-00067,2023-01-02,CUST-0176,Desk Lamp,Furniture,South,15,39.45
ORD-00068,2023-03-13,CUST-0081,Sticky Notes (Pack),Office Supplies,North,15,10.21
ORD-00069,2023-11-04,CUST-0084,Desk Lamp,Furniture,West,5,40.78
ORD-00070,2023-05-11,CUST-0098,Mechanical Keyboard,Electronics,South,7,131.49
ORD-00071,2023-11-05,CUST-0078,Standing Desk,Furniture,East,9,534.05
ORD-00072,2023-11-26,CUST-0055,Bookshelf,Furniture,Central,8,149.59
ORD-00073,2023-06-23,CUST-0170,Sticky Notes (Pack),Office Supplies,Central,2,9.83
ORD-00074,2023-08-29,CUST-0051,Sticky Notes (Pack),Office Supplies,South,5,9.51
ORD-00075,2023-09-08,CUST-0019,Bookshelf,Furniture,West,10,148.71
ORD-00076,2023-07-19,CUST-0103,Ballpoint Pens (Box),Office Supplies,South,12,14.46
ORD-00077,2023-01-06,CUST-0028,Stapler,Office Supplies,West,13,19.43
ORD-00078,2024-06-14,CUST-0032,Bookshelf,Furniture,West,1,144.49
ORD-00079,2024-04-20,CUST-0153,Sticky Notes (Pack),Office Supplies,East,9,10.44
ORD-00080,2024-03-29,CUST-0130,Whiteboard,Office Supplies,West,14,82.63
ORD-00081,2024-04-01,CUST-0122,Stapler,Office Supplies,West,3,19.51
ORD-00082,2023-09-11,CUST-0200,Printer Paper (Ream),Office Supplies,Central,11,12.97
ORD-00083,2023-09-02,CUST-0074,Monitor 27in,Electronics,South,8,342.0
ORD-00084,2023-11-24,CUST-0039,Stapler,Office Supplies,South,9,19.76
ORD-00085,2023-06-06,CUST-0105,Ballpoint Pens (Box),Office Supplies,East,4,15.05
ORD-00086,2024-03-01,CUST-0100,Laptop Pro 15,Electronics,Central,4,1357.98
ORD-00087,2023-01-21,CUST-0098,Printer Paper (Ream),Office Supplies,West,15,12.35
ORD-00088,2023-12-27,CUST-0108,Monitor 27in,Electronics,Central,13,358.65
ORD-00089,2023-08-14,CUST-0125,Bookshelf,Furniture,North,4,148.32
ORD-00090,2024-02-19,CUST-0033,Ballpoint Pens (Box),Office Supplies,Central,3,15.04
ORD-00091,2024-02-08,CUST-0022,Whiteboard,Office Supplies,West,10,77.08
ORD-00092,2024-04-17,CUST-0084,USB-C Hub,Electronics,South,1,49.76
ORD-00093,2023-12-12,CUST-0193,Notebook A4,Office Supplies,West,15,7.79
ORD-00094,2023-03-25,CUST-0014,Bookshelf,Furniture,East,1,145.85
ORD-00095,2023-03-12,CUST-0008,Notebook A4,Office Supplies,South,11,7.75
ORD-00096,2023-01-21,CUST-0122,Whiteboard,Office Supplies,North,3,80.5
ORD-00097,2023-08-12,CUST-0095,Bookshelf,Furniture,South,12,151.58
ORD-00098,2023-04-28,CUST-0080,Notebook A4,Office Supplies,North,14,8.05
ORD-00099,2023-11-16,CUST-0097,Whiteboard,Office Supplies,West,11,83.52
ORD-00100,2023-07-23,CUST-0161,Wireless Mouse,Electronics,South,10,28.8
ORD-00101,2023-11-05,CUST-0031,Printer Paper (Ream),Office Supplies,Central,11,13.36
ORD-00102,2023-12-22,CUST-0018,Desk Lamp,Furniture,Central,7,40.58
ORD-00103,2023-01-13,CUST-0028,Printer Paper (Ream),Office Supplies,West,7,13.59
ORD-00104,2024-04-15,CUST-0188,Ballpoint Pens (Box),Office Supplies,Central,3,15.69
ORD-00105,2023-10-04,CUST-0199,Whiteboard,Office Supplies,West,13,79.71
ORD-00106,2023-10-02,CUST-0023,Office Chair,Furniture,East,14,415.25
ORD-00107,2023-09-07,CUST-0172,Notebook A4,Office Supplies,West,8,7.86
ORD-00108,2024-05-21,CUST-0055,Printer Paper (Ream),Office Supplies,East,6,13.38
ORD-00109,2023-12-15,CUST-0071,Monitor 27in,Electronics,Central,15,332.85
ORD-00110,2023-07-15,CUST-0126,Wireless Mouse,Electronics,Central,4,30.76
ORD-00111,2024-05-02,CUST-0005,Sticky Notes (Pack),Office Supplies,North,12,9.78
ORD-00112,2024-02-19,CUST-0149,Ballpoint Pens (Box),Office Supplies,East,4,14.95
ORD-00113,2024-06-27,CUST-0141,Office Chair,Furniture,East,7,394.06
ORD-00114,2024-04-09,CUST-0031,Monitor 27in,Electronics,South,5,343.53
ORD-00115,2023-07-09,CUST-0071,Mechanical Keyboard,Electronics,Central,4,136.19
ORD-00116,2024-06-21,CUST-0050,Whiteboard,Office Supplies,East,5,77.81
ORD-00117,2023-07-03,CUST-0033,Monitor 27in,Electronics,East,1,334.08
ORD-00118,2023-02-25,CUST-0033,Desk Lamp,Furniture,West,5,38.4
ORD-00119,2023-01-13,CUST-0113,Whiteboard,Office Supplies,East,5,77.47
ORD-00120,2023-02-22,CUST-0017,Monitor 27in,Electronics,West,14,349.7
ORD-00121,2023-02-24,CUST-0078,USB-C Hub,Electronics,North,3,52.46
ORD-00122,2023-05-02,CUST-0153,Desk Lamp,Furniture,Central,13,38.89
ORD-00123,2024-06-19,CUST-0077,Standing Desk,Furniture,Central,8,576.94
ORD-00124,2023-11-09,CUST-0190,Whiteboard,Office Supplies,North,10,83.57
ORD-00125,2023-08-01,CUST-0021,Sticky Notes (Pack),Office Supplies,South,4,9.73
ORD-00126,2023-03-18,CUST-0177,USB-C Hub,Electronics,Central,1,49.84
ORD-00127,2023-02-03,CUST-0180,Mechanical Keyboard,Electronics,West,5,124.42
ORD-00128,2023-08-28,CUST-0161,Stapler,Office Supplies,Central,5,20.31
ORD-00129,2023-07-22,CUST-0166,Standing Desk,Furniture,South,2,572.45
ORD-00130,2023-05-26,CUST-0079,Wireless Mouse,Electronics,Central,1,30.74
ORD-00131,2023-10-23,CUST-0078,Bookshelf,Furniture,West,2,156.63
ORD-00132,2024-05-27,CUST-0154,Desk Lamp,Furniture,North,8,41.55
ORD-00133,2023-11-27,,Whiteboard,Office Supplies,South,5,83.68
ORD-00134,2023-01-22,CUST-0148,Notebook A4,Office Supplies,North,11,8.2
ORD-00135,2023-06-29,CUST-0072,Bookshelf,Furniture,South,9,157.44
ORD-00136,2024-03-22,CUST-0024,Sticky Notes (Pack),Office Supplies,West,14,9.84
ORD-00137,2023-12-08,CUST-0042,Office Chair,Furniture,East,11,396.46
ORD-00138,2024-05-22,CUST-0195,Monitor 27in,Electronics,Central,11,333.77
ORD-00139,2023-04-01,CUST-0198,Office Chair,Furniture,West,5,414.59
ORD-00140,2023-01-02,CUST-0106,Sticky Notes (Pack),Office Supplies,North,14,9.68
ORD-00141,2024-01-06,CUST-0114,Whiteboard,Office Supplies,North,13,77.62
ORD-00142,2023-05-15,CUST-0179,Stapler,Office Supplies,West,5,19.23
ORD-00143,2023-09-03,CUST-0004,Ballpoint Pens (Box),Office Supplies,Central,3,14.85
ORD-00144,2023-08-19,CUST-0031,Printer Paper (Ream),Office Supplies,South,15,12.99
ORD-00145,2023-10-26,CUST-0124,Desk Lamp,Furniture,West,12,38.97
ORD-00146,2023-05-29,CUST-0131,Standing Desk,Furniture,South,4,570.01
ORD-00147,2023-10-10,CUST-0088,Notebook A4,Office Supplies,Central,13,7.8
ORD-00148,2023-01-03,CUST-0151,Monitor 27in,Electronics,Central,12,367.45
ORD-00149,2024-05-16,CUST-0124,Printer Paper (Ream),Office Supplies,East,3,12.77
ORD-00150,2024-01-22,CUST-0049,Bookshelf,Furniture,South,15,151.07
ORD-00151,2023-08-28,CUST-0082,Printer Paper (Ream),Office Supplies,West,13,13.26
ORD-00152,2024-01-26,CUST-0167,Standing Desk,Furniture,South,11,549.73
ORD-00153,2023-02-07,CUST-0085,USB-C Hub,Electronics,North,9,51.86
ORD-00154,2024-03-26,CUST-0004,Wireless Mouse,Electronics,South,9,29.72
ORD-00155,2023-06-08,CUST-0068,Wireless Mouse,Electronics,East,8,30.36
ORD-00156,2024-02-12,CUST-0173,Sticky Notes (Pack),Office Supplies,Central,2,9.87
ORD-00157,2023-11-21,CUST-0125,Sticky Notes (Pack),Office Supplies,Central,12,9.53
ORD-00158,2023-03-12,CUST-0074,Mechanical Keyboard,Electronics,South,11,133.2
ORD-00159,2024-03-20,CUST-0026,Wireless Mouse,Electronics,West,13,28.99
ORD-00160,2023-11-03,CUST-0015,Stapler,Office Supplies,East,1,19.71
ORD-00161,2024-03-17,CUST-0145,USB-C Hub,Electronics,South,4,48.34
ORD-00162,2023-03-22,CUST-0175,Whiteboard,Office Supplies,South,14,79.97
ORD-00163,2023-05-27,CUST-0118,Mechanical Keyboard,Electronics,East,8,132.16
ORD-00164,2024-04-21,CUST-0041,Stapler,Office Supplies,North,5,19.87
ORD-00165,2023-12-20,CUST-0109,Whiteboard,Office Supplies,East,5,79.64
ORD-00166,2023-11-06,CUST-0028,Mechanical Keyboard,Electronics,South,7,128.45
ORD-00167,2024-01-03,CUST-0076,Whiteboard,Office Supplies,North,5,83.81
ORD-00168,2024-02-10,CUST-0176,Monitor 27in,Electronics,North,1,364.36
ORD-00169,2024-05-23,CUST-0199,Printer Paper (Ream),Office Supplies,South,15,13.13
ORD-00170,2023-12-27,CUST-0065,Mechanical Keyboard,Electronics,South,11,131.66
ORD-00171,2023-02-10,CUST-0149,Monitor 27in,Electronics,East,13,358.12
ORD-00172,2023-04-03,CUST-0107,Stapler,Office Supplies,South,5,19.39
ORD-00173,2024-01-10,CUST-0043,Desk Lamp,Furniture,East,9,41.65
ORD-00174,2024-05-08,CUST-0087,Notebook A4,Office Supplies,North,5,7.96
ORD-00175,2023-03-19,CUST-0174,USB-C Hub,Electronics,West,13,52.33
ORD-00176,2024-01-10,CUST-0068,Wireless Mouse,Electronics,Central,13,28.86
ORD-00177,2024-01-13,CUST-0150,Sticky Notes (Pack),Office Supplies,West,12,10.31
ORD-00178,2024-01-16,CUST-0007,Wireless Mouse,Electronics,Central,11,31.14
ORD-00179,2023-12-02,CUST-0017,Stapler,Office Supplies,West,10,20.81
ORD-00180,2023-11-06,CUST-0012,Sticky Notes (Pack),Office Supplies,North,7,9.79
ORD-00181,2024-05-19,CUST-0138,Wireless Mouse,Electronics,South,2,29.66
ORD-00182,2024-01-15,CUST-0139,Sticky Notes (Pack),Office Supplies,West,12,10.08
ORD-00183,2023-06-08,CUST-0126,Stapler,Office Supplies,Central,7,19.81
ORD-00184,2023-10-14,CUST-0114,Laptop Pro 15,Electronics,West,12,1358.56
ORD-00185,2024-01-07,CUST-0166,Wireless Mouse,Electronics,East,11,28.67
ORD-00186,2023-10-10,CUST-0117,Mechanical Keyboard,Electronics,North,2,132.11
ORD-00187,2023-01-22,CUST-0033,Laptop Pro 15,Electronics,Central,13,1261.67
ORD-00188,2023-08-01,CUST-0060,Whiteboard,Office Supplies,East,4,82.18
ORD-00189,2023-01-03,CUST-0034,Monitor 27in,Electronics,Central,14,341.26
ORD-00190,2023-06-28,CUST-0034,Wireless Mouse,Electronics,North,11,29.56
ORD-00191,2023-09-01,,Whiteboard,Office Supplies,East,6,76.41
ORD-00192,2024-03-07,CUST-0122,Desk Lamp,Furniture,West,2,41.1
ORD-00193,2024-06-09,CUST-0057,Whiteboard,Office Supplies,Central,2,76.34
ORD-00194,2024-06-17,CUST-0008,Monitor 27in,Electronics,North,8,367.44
ORD-00195,2024-02-16,CUST-0183,Standing Desk,Furniture,West,11,526.53
ORD-00196,2023-03-24,CUST-0033,Office Chair,Furniture,East,10,404.96
ORD-00197,2023-11-29,CUST-0117,Standing Desk,Furniture,Central,10,555.79
ORD-00198,2023-04-12,CUST-0168,Notebook A4,Office Supplies,Central,12,8.17
ORD-00199,2023-08-09,CUST-0106,Standing Desk,Furniture,East,8,568.0
ORD-00200,2024-02-13,CUST-0110,Standing Desk,Furniture,East,12,559.07
ORD-00201,2024-01-19,CUST-0018,USB-C Hub,Electronics,North,11,51.65
ORD-00202,2023-04-06,CUST-0096,Standing Desk,Furniture,South,2,553.09
ORD-00203,2023-12-04,CUST-0171,Sticky Notes (Pack),Office Supplies,West,2,10.36
ORD-00204,2023-02-22,CUST-0027,Monitor 27in,Electronics,Central,10,350.25
ORD-00205,2023-06-08,CUST-0028,Sticky Notes (Pack),Office Supplies,East,8,10.34
ORD-00206,2024-01-12,CUST-0058,Wireless Mouse,Electronics,West,13,31.03
ORD-00207,2023-01-27,CUST-0178,Whiteboard,Office Supplies,East,15,76.22
ORD-00208,2023-10-07,CUST-0087,Ballpoint Pens (Box),Office Supplies,East,13,14.25
ORD-00209,2023-05-27,CUST-0037,Whiteboard,Office Supplies,North,11,76.72
ORD-00210,2024-06-27,CUST-0088,Mechanical Keyboard,Electronics,South,7,128.3
ORD-00211,2023-11-29,CUST-0014,Notebook A4,Office Supplies,South,10,7.72
ORD-00212,2023-02-20,CUST-0170,Sticky Notes (Pack),Office Supplies,West,2,9.98
ORD-00213,2024-03-28,CUST-0132,Standing Desk,Furniture,North,5,541.47
ORD-00214,2023-04-24,CUST-0125,Monitor 27in,Electronics,Central,11,355.84
ORD-00215,2023-02-16,CUST-0015,Mechanical Keyboard,Electronics,North,7,126.15
ORD-00216,2023-08-05,CUST-0075,Notebook A4,Office Supplies,East,3,7.69
ORD-00217,2024-05-24,CUST-0098,Ballpoint Pens (Box),Office Supplies,Central,7,15.3
ORD-00218,2024-05-27,CUST-0091,Desk Lamp,Furniture,North,14,39.58
ORD-00219,2023-02-13,CUST-0020,Standing Desk,Furniture,East,1,554.16
ORD-00220,2024-02-19,CUST-0030,Ballpoint Pens (Box),Office Supplies,West,11,14.27
ORD-00221,2023-11-29,CUST-0118,USB-C Hub,Electronics,East,13,47.93
ORD-00222,2023-04-19,CUST-0135,Mechanical Keyboard,Electronics,North,7,128.64
ORD-00223,2023-11-14,CUST-0200,Ballpoint Pens (Box),Office Supplies,South,6,14.35
ORD-00224,2023-04-27,CUST-0199,Desk Lamp,Furniture,East,9,39.39
ORD-00225,2023-06-01,CUST-0051,Mechanical Keyboard,Electronics,South,2,131.32
ORD-00226,2023-03-19,CUST-0119,USB-C Hub,Electronics,Central,13,51.29
ORD-00227,2024-04-04,CUST-0165,Sticky Notes (Pack),Office Supplies,Central,15,9.81
ORD-00228,2023-11-20,CUST-0114,USB-C Hub,Electronics,East,8,51.47
ORD-00229,2023-02-27,CUST-0119,Office Chair,Furniture,West,9,381.49
ORD-00230,2024-01-13,CUST-0024,Printer Paper (Ream),Office Supplies,Central,5,13.11
ORD-00231,2024-01-29,CUST-0190,Bookshelf,Furniture,North,10,149.24
ORD-00232,2023-07-12,CUST-0039,Office Chair,Furniture,North,10,398.01
ORD-00233,2023-12-18,CUST-0045,Ballpoint Pens (Box),Office Supplies,North,2,14.61
ORD-00234,2024-03-24,CUST-0041,Bookshelf,Furniture,East,9,148.08
ORD-00235,2023-10-17,CUST-0174,Standing Desk,Furniture,Central,7,525.37
ORD-00236,2023-12-09,CUST-0174,Wireless Mouse,Electronics,West,6,29.34
ORD-00237,2023-06-03,CUST-0037,Office Chair,Furniture,East,2,392.4
ORD-00238,2024-02-06,CUST-0022,USB-C Hub,Electronics,East,10,50.28
ORD-00239,2023-12-03,CUST-0190,Printer Paper (Ream),Office Supplies,Central,3,12.46
ORD-00240,2024-03-09,,Desk Lamp,Furniture,East,6,38.71
ORD-00241,2023-08-08,CUST-0058,Office Chair,Furniture,South,13,386.19
ORD-00242,2023-10-30,CUST-0198,Printer Paper (Ream),Office Supplies,Central,13,13.43
ORD-00243,2024-06-23,CUST-0197,Laptop Pro 15,Electronics,Central,11,1252.03
ORD-00244,2024-01-21,CUST-0178,USB-C Hub,Electronics,Central,3,51.53
ORD-00245,2023-06-19,CUST-0094,Ballpoint Pens (Box),Office Supplies,South,8,15.69
ORD-00246,2023-10-19,CUST-0060,Notebook A4,Office Supplies,Central,12,7.78
ORD-00247,2024-04-25,CUST-0174,Stapler,Office Supplies,Central,14,20.96
ORD-00248,2024-04-17,CUST-0129,Notebook A4,Office Supplies,Central,5,7.93
ORD-00249,2023-06-15,CUST-0036,Printer Paper (Ream),Office Supplies,East,4,12.41
ORD-00250,2024-05-07,CUST-0027,Printer Paper (Ream),Office Supplies,Central,6,13.45
ORD-00251,2023-10-19,CUST-0116,Wireless Mouse,Electronics,Central,13,28.93
ORD-00252,2024-03-23,CUST-0116,Wireless Mouse,Electronics,East,15,31.28
ORD-00253,2024-02-29,CUST-0061,Laptop Pro 15,Electronics,West,7,1364.28
ORD-00254,2024-01-19,CUST-0026,Mechanical Keyboard,Electronics,East,1,133.78
ORD-00255,2023-05-21,CUST-0121,Laptop Pro 15,Electronics,South,5,1333.64
ORD-00256,2024-04-25,,Bookshelf,Furniture,North,10,142.78
ORD-00257,2023-08-09,CUST-0187,Printer Paper (Ream),Office Supplies,Central,3,13.03
ORD-00258,2023-04-24,CUST-0032,Notebook A4,Office Supplies,North,5,7.78
ORD-00259,2024-04-13,CUST-0128,Wireless Mouse,Electronics,Central,2,30.1
ORD-00260,2024-06-11,CUST-0075,Whiteboard,Office Supplies,West,4,76.0
ORD-00261,2023-12-28,CUST-0171,Mechanical Keyboard,Electronics,North,10,130.3
ORD-00262,2024-01-05,CUST-0130,Wireless Mouse,Electronics,Central,9,28.55
ORD-00263,2024-04-26,CUST-0096,Laptop Pro 15,Electronics,East,11,1332.14
ORD-00264,2024-01-01,CUST-0188,Notebook A4,Office Supplies,North,2,8.21
ORD-00265,2023-12-07,CUST-0087,USB-C Hub,Electronics,South,1,51.64
ORD-00266,2024-04-20,CUST-0035,Ballpoint Pens (Box),Office Supplies,North,8,15.31
ORD-00267,2024-04-13,CUST-0052,Laptop Pro 15,Electronics,North,5,1276.02
ORD-00268,2023-11-14,CUST-0140,Desk Lamp,Furniture,West,7,39.0
ORD-00269,2023-07-15,CUST-0013,Monitor 27in,Electronics,East,6,342.05
ORD-00270,2024-01-12,CUST-0113,Standing Desk,Furniture,West,15,541.14
ORD-00271,2023-07-11,CUST-0133,Bookshelf,Furniture,East,12,154.51
ORD-00272,2024-03-10,CUST-0047,Wireless Mouse,Electronics,Central,7,29.37
ORD-00273,2023-04-16,CUST-0079,Wireless Mouse,Electronics,West,6,30.3
ORD-00274,2024-03-12,CUST-0115,USB-C Hub,Electronics,North,12,51.12
ORD-00275,2023-12-28,CUST-0015,Whiteboard,Office Supplies,North,7,81.36
ORD-00276,2024-02-20,CUST-0174,Office Chair,Furniture,South,9,418.1
ORD-00277,2023-05-27,CUST-0113,Printer Paper (Ream),Office Supplies,North,10,12.5
ORD-00278,2023-08-30,CUST-0099,Notebook A4,Office Supplies,Central,11,7.62
ORD-00279,2023-06-07,CUST-0096,Sticky Notes (Pack),Office Supplies,West,8,10.25
ORD-00280,2023-05-21,CUST-0167,Desk Lamp,Furniture,East,6,38.99
ORD-00281,2023-04-27,CUST-0133,Laptop Pro 15,Electronics,West,12,1353.75
ORD-00282,2023-05-01,CUST-0115,Monitor 27in,Electronics,South,13,367.36
ORD-00283,2023-10-20,CUST-0052,Ballpoint Pens (Box),Office Supplies,North,15,14.44
ORD-00284,2023-03-17,CUST-0114,Bookshelf,Furniture,North,3,154.65
ORD-00285,2023-11-24,CUST-0141,Sticky Notes (Pack),Office Supplies,Central,6,9.78
ORD-00286,2023-11-04,CUST-0180,Printer Paper (Ream),Office Supplies,South,3,13.37
ORD-00287,2024-06-04,CUST-0036,Mechanical Keyboard,Electronics,South,2,133.76
ORD-00288,2023-01-27,CUST-0120,Office Chair,Furniture,Central,9,385.18
ORD-00289,2023-03-30,CUST-0184,Wireless Mouse,Electronics,West,5,30.07
ORD-00290,2024-02-24,CUST-0082,Printer Paper (Ream),Office Supplies,North,10,12.93
ORD-00291,2024-06-13,CUST-0200,Office Chair,Furniture,Central,3,405.58
ORD-00292,2023-07-06,CUST-0015,Notebook A4,Office Supplies,North,3,8.0
ORD-00293,2023-11-08,CUST-0182,USB-C Hub,Electronics,South,3,49.22
ORD-00294,2024-06-15,CUST-0065,Stapler,Office Supplies,South,5,20.26
ORD-00295,2023-10-09,CUST-0137,USB-C Hub,Electronics,North,11,50.0
ORD-00296,2023-06-22,CUST-0169,Whiteboard,Office Supplies,Central,10,81.75
ORD-00297,2023-12-12,CUST-0008,Printer Paper (Ream),Office Supplies,North,15,12.4
ORD-00298,2023-09-29,CUST-0107,Sticky Notes (Pack),Office Supplies,Central,4,10.13
ORD-00299,2024-05-24,CUST-0165,Stapler,Office Supplies,East,11,19.96
ORD-00300,2024-02-20,CUST-0016,Monitor 27in,Electronics,South,8,347.88
ORD-00301,2024-05-10,CUST-0037,Bookshelf,Furniture,East,4,155.41
ORD-00302,2023-11-23,CUST-0103,Ballpoint Pens (Box),Office Supplies,South,14,15.38
ORD-00303,2024-06-11,CUST-0120,Desk Lamp,Furniture,North,2,39.06
ORD-00304,2023-09-11,CUST-0099,USB-C Hub,Electronics,Central,2,49.58
ORD-00305,2023-06-13,CUST-0185,Printer Paper (Ream),Office Supplies,East,6,12.59
ORD-00306,2023-06-13,CUST-0079,Bookshelf,Furniture,West,9,142.84
ORD-00307,2024-02-07,CUST-0056,Desk Lamp,Furniture,Central,8,39.4
ORD-00308,2023-02-21,CUST-0168,Monitor 27in,Electronics,West,8,342.49
ORD-00309,2023-01-09,CUST-0068,Printer Paper (Ream),Office Supplies,East,2,13.33
ORD-00310,2024-01-10,CUST-0144,Laptop Pro 15,Electronics,South,7,1282.12
ORD-00311,2023-10-23,CUST-0196,Wireless Mouse,Electronics,Central,7,29.33
ORD-00312,2023-05-02,CUST-0087,USB-C Hub,Electronics,Central,2,52.18
ORD-00313,2023-05-28,CUST-0129,Mechanical Keyboard,Electronics,North,10,124.08
ORD-00314,2023-05-21,CUST-0133,Ballpoint Pens (Box),Office Supplies,West,6,14.46
ORD-00315,2024-06-11,CUST-0082,USB-C Hub,Electronics,South,6,49.45
ORD-00316,2023-11-03,CUST-0131,Whiteboard,Office Supplies,Central,6,79.91
ORD-00317,2023-11-03,,Bookshelf,Furniture,East,14,152.6
ORD-00318,2024-03-02,CUST-0186,Whiteboard,Office Supplies,North,5,80.77
ORD-00319,2023-09-29,CUST-0149,Sticky Notes (Pack),Office Supplies,Central,13,9.72
ORD-00320,2023-02-22,CUST-0162,Whiteboard,Office Supplies,Central,8,82.19
ORD-00321,2024-01-25,CUST-0009,USB-C Hub,Electronics,Central,14,52.23
ORD-00322,2023-04-23,CUST-0108,Mechanical Keyboard,Electronics,South,1,128.86
ORD-00323,2023-07-28,CUST-0121,Standing Desk,Furniture,North,9,561.31
ORD-00324,2024-06-15,CUST-0170,Mechanical Keyboard,Electronics,West,9,130.32
ORD-00325,2023-11-18,CUST-0088,USB-C Hub,Electronics,Central,8,49.26
ORD-00326,2023-09-28,CUST-0064,Whiteboard,Office Supplies,East,8,80.45
ORD-00327,2023-08-19,CUST-0054,Monitor 27in,Electronics,West,13,343.59
ORD-00328,2023-12-24,CUST-0185,Desk Lamp,Furniture,East,15,39.14
ORD-00329,2024-01-24,CUST-0198,Stapler,Office Supplies,South,7,19.57
ORD-00330,2023-10-22,CUST-0114,Ballpoint Pens (Box),Office Supplies,East,2,15.36
ORD-00331,2023-08-08,CUST-0144,Mechanical Keyboard,Electronics,East,14,125.27
ORD-00332,2023-09-03,CUST-0136,Mechanical Keyboard,Electronics,South,1,131.78
ORD-00333,2023-02-23,CUST-0121,Wireless Mouse,Electronics,North,7,30.53
ORD-00334,2023-05-21,CUST-0041,Laptop Pro 15,Electronics,West,9,1319.87
ORD-00335,2024-05-02,CUST-0074,Bookshelf,Furniture,East,11,146.77
ORD-00336,2023-03-02,CUST-0147,Stapler,Office Supplies,South,13,20.06
ORD-00337,2023-02-08,CUST-0046,Stapler,Office Supplies,North,15,20.98
ORD-00338,2024-02-11,CUST-0192,Notebook A4,Office Supplies,East,8,8.29
ORD-00339,2023-01-10,CUST-0086,Monitor 27in,Electronics,East,10,348.39
ORD-00340,2024-06-20,CUST-0130,Bookshelf,Furniture,West,15,146.58
ORD-00341,2023-04-26,CUST-0166,Office Chair,Furniture,East,3,408.73
ORD-00342,2023-01-15,CUST-0146,Ballpoint Pens (Box),Office Supplies,South,6,14.5
ORD-00343,2024-02-20,CUST-0023,Printer Paper (Ream),Office Supplies,West,7,13.21
ORD-00344,2023-07-09,CUST-0064,USB-C Hub,Electronics,North,8,48.79
ORD-00345,2023-08-30,CUST-0085,Bookshelf,Furniture,East,13,151.23
ORD-00346,2023-01-12,CUST-0061,Monitor 27in,Electronics,North,11,355.86
ORD-00347,2024-04-21,CUST-0129,Monitor 27in,Electronics,East,3,356.65
ORD-00348,2023-10-30,CUST-0035,Office Chair,Furniture,West,10,386.12
ORD-00349,2024-01-18,CUST-0121,Standing Desk,Furniture,Central,12,566.6
ORD-00350,2023-08-12,CUST-0153,Notebook A4,Office Supplies,North,4,8.01
ORD-00351,2024-06-24,CUST-0145,Ballpoint Pens (Box),Office Supplies,North,6,14.33
ORD-00352,2024-06-01,CUST-0043,Mechanical Keyboard,Electronics,East,10,134.6
ORD-00353,2024-03-28,CUST-0150,Wireless Mouse,Electronics,West,11,28.76
ORD-00354,2024-06-06,CUST-0034,Bookshelf,Furniture,Central,13,148.72
ORD-00355,2023-03-01,CUST-0079,Desk Lamp,Furniture,North,8,39.57
ORD-00356,2023-01-04,CUST-0012,Ballpoint Pens (Box),Office Supplies,West,4,14.76
ORD-00357,2023-03-07,CUST-0018,Desk Lamp,Furniture,West,1,38.12
ORD-00358,2024-02-23,CUST-0165,USB-C Hub,Electronics,West,13,49.36
ORD-00359,2024-01-27,CUST-0097,Bookshelf,Furniture,West,14,143.69
ORD-00360,2023-05-17,CUST-0046,Sticky Notes (Pack),Office Supplies,Central,14,9.88
ORD-00361,2023-05-11,CUST-0194,Ballpoint Pens (Box),Office Supplies,North,4,15.71
ORD-00362,2024-04-19,CUST-0137,Sticky Notes (Pack),Office Supplies,West,12,10.31
ORD-00363,2023-09-11,CUST-0049,Bookshelf,Furniture,North,6,142.97
ORD-00364,2024-03-05,CUST-0005,Whiteboard,Office Supplies,South,13,77.64
ORD-00365,2023-04-14,CUST-0173,Whiteboard,Office Supplies,North,1,77.95
ORD-00366,2023-02-15,CUST-0056,Standing Desk,Furniture,North,8,530.2
ORD-00367,2023-10-24,CUST-0148,Mechanical Keyboard,Electronics,East,14,131.0
ORD-00368,2023-11-25,CUST-0170,Mechanical Keyboard,Electronics,Central,5,126.36
ORD-00369,2023-11-04,CUST-0152,Monitor 27in,Electronics,South,1,354.4
ORD-00370,2024-03-13,CUST-0089,Desk Lamp,Furniture,West,8,41.13
ORD-00371,2023-11-23,CUST-0077,Ballpoint Pens (Box),Office Supplies,West,7,14.52
ORD-00372,2024-04-29,CUST-0182,Mechanical Keyboard,Electronics,South,14,133.96
ORD-00373,2023-03-01,CUST-0143,Desk Lamp,Furniture,Central,7,38.53
ORD-00374,2023-09-06,CUST-0021,Monitor 27in,Electronics,West,4,362.14
ORD-00375,2023-04-05,CUST-0014,Desk Lamp,Furniture,East,12,39.5
ORD-00376,2023-02-10,CUST-0195,Printer Paper (Ream),Office Supplies,Central,2,13.28
ORD-00377,2023-08-11,CUST-0086,Bookshelf,Furniture,East,4,156.84
ORD-00378,2023-01-16,CUST-0190,Mechanical Keyboard,Electronics,North,15,133.2
ORD-00379,2024-05-05,CUST-0181,Stapler,Office Supplies,South,4,19.78
ORD-00380,2023-09-03,CUST-0098,Desk Lamp,Furniture,West,6,40.12
ORD-00381,2024-01-03,CUST-0128,Monitor 27in,Electronics,West,5,335.94
ORD-00382,2024-04-25,CUST-0053,Notebook A4,Office Supplies,East,14,7.84
ORD-00383,2023-02-16,CUST-0038,Whiteboard,Office Supplies,North,14,78.08
ORD-00384,2024-03-03,CUST-0059,Monitor 27in,Electronics,West,3,352.43
ORD-00385,2023-09-09,CUST-0176,Bookshelf,Furniture,East,9,146.35
ORD-00386,2024-05-15,CUST-0118,Ballpoint Pens (Box),Office Supplies,South,11,15.34
ORD-00387,2023-12-27,CUST-0126,USB-C Hub,Electronics,South,3,52.07
ORD-00388,2023-03-02,CUST-0020,Desk Lamp,Furniture,North,1,41.05
ORD-00389,2024-02-27,CUST-0018,USB-C Hub,Electronics,South,14,47.54
ORD-00390,2024-06-01,CUST-0164,Bookshelf,Furniture,Central,6,156.18
ORD-00391,2024-05-14,CUST-0106,Laptop Pro 15,Electronics,North,1,1237.16
ORD-00392,2023-10-09,,Desk Lamp,Furniture,West,5,41.21
ORD-00393,2023-07-03,CUST-0039,Wireless Mouse,Electronics,South,15,29.07
ORD-00394,2024-06-23,CUST-0102,Monitor 27in,Electronics,North,14,345.55
ORD-00395,2024-02-20,CUST-0179,Bookshelf,Furniture,South,10,146.99
ORD-00396,2023-03-24,CUST-0009,Sticky Notes (Pack),Office Supplies,North,14,9.9
ORD-00397,2024-01-22,CUST-0003,Desk Lamp,Furniture,South,8,38.32
ORD-00398,2024-03-20,CUST-0025,Sticky Notes (Pack),Office Supplies,Central,13,10.41
ORD-00399,2023-08-24,CUST-0146,Mechanical Keyboard,Electronics,West,15,127.01
ORD-00400,2023-03-18,CUST-0140,Sticky Notes (Pack),Office Supplies,Central,15,10.15
ORD-00401,2023-07-03,CUST-0054,Stapler,Office Supplies,Central,14,19.28
ORD-00402,2024-02-12,CUST-0145,Stapler,Office Supplies,South,2,20.12
ORD-00403,2024-02-03,CUST-0099,Sticky Notes (Pack),Office Supplies,South,15,10.28
ORD-00404,2023-03-22,CUST-0014,Desk Lamp,Furniture,North,12,39.74
ORD-00405,2023-03-19,CUST-0153,Office Chair,Furniture,West,10,418.75
ORD-00406,2023-12-01,CUST-0116,Laptop Pro 15,Electronics,West,11,1264.65
ORD-00407,2024-01-20,CUST-0170,Standing Desk,Furniture,West,3,527.2
ORD-00408,2023-10-30,CUST-0022,Notebook A4,Office Supplies,East,4,7.71
ORD-00409,2023-06-07,CUST-0028,Ballpoint Pens (Box),Office Supplies,North,7,14.25
ORD-00410,2023-11-12,CUST-0027,Bookshelf,Furniture,South,6,143.8
ORD-00411,2024-03-17,CUST-0105,Bookshelf,Furniture,North,9,142.88
ORD-00412,2023-12-29,CUST-0084,Desk Lamp,Furniture,West,2,38.04
ORD-00413,2024-02-28,CUST-0144,Standing Desk,Furniture,South,13,553.95
ORD-00414,2023-06-23,CUST-0069,Sticky Notes (Pack),Office Supplies,East,7,9.76
ORD-00415,2023-05-30,CUST-0108,Wireless Mouse,Electronics,East,3,29.94
ORD-00416,2023-03-20,CUST-0185,Office Chair,Furniture,West,5,403.74
ORD-00417,2023-07-20,CUST-0002,Bookshelf,Furniture,West,2,147.47
ORD-00418,2024-01-25,CUST-0086,Notebook A4,Office Supplies,West,14,8.24
ORD-00419,2023-05-20,CUST-0178,Monitor 27in,Electronics,South,6,349.26
ORD-00420,2023-07-01,CUST-0178,Standing Desk,Furniture,West,6,575.72
ORD-00421,2023-09-06,CUST-0101,Office Chair,Furniture,East,7,384.55
ORD-00422,2023-07-24,CUST-0197,Whiteboard,Office Supplies,Central,9,76.21
ORD-00423,2024-04-17,CUST-0075,Ballpoint Pens (Box),Office Supplies,North,4,15.47
ORD-00424,2024-02-23,CUST-0078,Sticky Notes (Pack),Office Supplies,South,8,9.74
ORD-00425,2023-06-07,CUST-0019,Ballpoint Pens (Box),Office Supplies,West,7,15.73
ORD-00426,2024-05-05,CUST-0178,Whiteboard,Office Supplies,West,7,80.34
ORD-00427,2024-01-04,CUST-0153,Ballpoint Pens (Box),Office Supplies,North,15,14.4
ORD-00428,2023-09-12,CUST-0166,Sticky Notes (Pack),Office Supplies,Central,11,9.53
ORD-00429,2024-02-14,CUST-0111,Notebook A4,Office Supplies,North,6,7.6
ORD-00430,2023-09-22,CUST-0143,Mechanical Keyboard,Electronics,Central,9,132.43
ORD-00431,2023-08-15,CUST-0198,Bookshelf,Furniture,Central,6,152.85
ORD-00432,2023-06-04,CUST-0076,Office Chair,Furniture,West,1,416.81
ORD-00433,2023-03-29,CUST-0037,Wireless Mouse,Electronics,East,14,29.43
ORD-00434,2024-04-11,CUST-0090,Notebook A4,Office Supplies,West,4,7.67
ORD-00435,2024-04-08,CUST-0182,Office Chair,Furniture,North,2,380.89
ORD-00436,2023-12-18,CUST-0043,Sticky Notes (Pack),Office Supplies,South,2,10.01
ORD-00437,2023-06-13,CUST-0119,Office Chair,Furniture,South,9,411.9
ORD-00438,2023-07-08,CUST-0102,USB-C Hub,Electronics,North,11,51.18
ORD-00439,2023-07-22,CUST-0002,Bookshelf,Furniture,South,10,145.58
ORD-00440,2023-03-06,CUST-0138,Whiteboard,Office Supplies,South,2,78.92
ORD-00441,2023-07-21,CUST-0126,Bookshelf,Furniture,Central,2,156.98
ORD-00442,2023-11-17,CUST-0151,Whiteboard,Office Supplies,North,7,78.77
ORD-00443,2024-04-13,CUST-0181,Whiteboard,Office Supplies,East,3,83.34
ORD-00444,2023-03-28,CUST-0062,Sticky Notes (Pack),Office Supplies,East,3,9.61
ORD-00445,2024-01-18,CUST-0108,Ballpoint Pens (Box),Office Supplies,Central,3,14.45
ORD-00446,2024-01-28,CUST-0138,Standing Desk,Furniture,South,3,553.01
ORD-00447,2024-05-16,CUST-0116,Monitor 27in,Electronics,Central,3,334.37
ORD-00448,2024-01-03,CUST-0099,Laptop Pro 15,Electronics,Central,8,1300.7
ORD-00449,2024-05-21,CUST-0182,Standing Desk,Furniture,West,11,549.37
ORD-00450,2023-03-26,CUST-0057,Whiteboard,Office Supplies,East,1,76.25
ORD-00451,2023-08-19,CUST-0118,Desk Lamp,Furniture,Central,5,40.96
ORD-00452,2024-05-22,CUST-0030,Desk Lamp,Furniture,East,9,41.09
ORD-00453,2024-01-11,CUST-0195,Desk Lamp,Furniture,West,14,40.18
ORD-00454,2024-03-11,CUST-0193,Wireless Mouse,Electronics,South,12,29.38
ORD-00455,2023-02-03,CUST-0023,Bookshelf,Furniture,West,5,155.47
ORD-00456,2023-05-01,CUST-0189,Notebook A4,Office Supplies,Central,13,8.14
ORD-00457,2024-03-14,CUST-0053,USB-C Hub,Electronics,South,10,51.52
ORD-00458,2023-12-26,CUST-0044,Desk Lamp,Furniture,East,5,41.91
ORD-00459,2023-10-27,CUST-0132,Monitor 27in,Electronics,North,10,337.24
ORD-00460,2024-02-26,CUST-0168,Stapler,Office Supplies,South,1,20.39
ORD-00461,2023-05-16,CUST-0064,Mechanical Keyboard,Electronics,West,3,129.85
ORD-00462,2023-10-03,CUST-0020,Sticky Notes (Pack),Office Supplies,North,7,9.89
ORD-00463,2023-10-12,CUST-0117,Ballpoint Pens (Box),Office Supplies,West,15,14.73
ORD-00464,2023-01-03,CUST-0024,Printer Paper (Ream),Office Supplies,West,13,13.17
ORD-00465,2024-01-02,CUST-0102,Printer Paper (Ream),Office Supplies,South,2,13.6
ORD-00466,2023-08-05,CUST-0073,Bookshelf,Furniture,East,5,150.7
ORD-00467,2023-05-14,CUST-0088,Whiteboard,Office Supplies,North,14,76.36
ORD-00468,2024-04-15,CUST-0041,Laptop Pro 15,Electronics,West,2,1294.34
ORD-00469,2024-03-14,CUST-0167,Mechanical Keyboard,Electronics,East,12,125.56
ORD-00470,2023-10-08,CUST-0022,Wireless Mouse,Electronics,East,11,30.48
ORD-00471,2023-06-19,CUST-0186,Laptop Pro 15,Electronics,South,7,1290.79
ORD-00472,2023-04-04,,Ballpoint Pens (Box),Office Supplies,West,2,14.36
ORD-00473,2023-08-20,CUST-0003,Desk Lamp,Furniture,East,11,41.26
ORD-00474,2024-03-08,CUST-0059,Ballpoint Pens (Box),Office Supplies,West,3,14.37
ORD-00475,2023-04-15,CUST-0077,Wireless Mouse,Electronics,South,6,29.64
ORD-00476,2023-05-17,CUST-0136,Sticky Notes (Pack),Office Supplies,Central,11,9.5
ORD-00477,2023-06-18,CUST-0161,Bookshelf,Furniture,South,6,156.29
ORD-00478,2024-03-29,CUST-0026,Printer Paper (Ream),Office Supplies,South,4,13.32
ORD-00479,2024-01-29,CUST-0036,Office Chair,Furniture,South,7,391.07
ORD-00480,2023-03-28,CUST-0185,Mechanical Keyboard,Electronics,Central,9,127.19
ORD-00481,2023-01-28,CUST-0078,Printer Paper (Ream),Office Supplies,South,14,13.01
ORD-00482,2024-06-05,CUST-0166,Mechanical Keyboard,Electronics,North,12,133.68
ORD-00483,2023-09-03,CUST-0128,Bookshelf,Furniture,Central,7,143.56
ORD-00484,2023-01-13,CUST-0100,Office Chair,Furniture,Central,15,396.82
ORD-00485,2023-06-26,CUST-0198,Notebook A4,Office Supplies,North,8,7.6
ORD-00486,2023-03-11,CUST-0016,Laptop Pro 15,Electronics,West,5,1300.85
ORD-00487,2024-05-28,CUST-0103,Notebook A4,Office Supplies,North,7,8.1
ORD-00488,2023-06-06,CUST-0131,Monitor 27in,Electronics,South,2,366.59
ORD-00489,2023-06-09,CUST-0163,Desk Lamp,Furniture,North,6,39.23
ORD-00490,2024-03-23,CUST-0063,Ballpoint Pens (Box),Office Supplies,North,14,15.63
ORD-00491,2023-04-29,CUST-0080,Bookshelf,Furniture,South,10,144.28
ORD-00492,2023-05-21,CUST-0089,Ballpoint Pens (Box),Office Supplies,Central,1,15.02
ORD-00493,2023-09-23,CUST-0200,USB-C Hub,Electronics,East,6,51.15
ORD-00494,2023-05-01,,Notebook A4,Office Supplies,West,15,7.81
ORD-00495,2023-03-07,CUST-0161,Monitor 27in,Electronics,North,12,349.86
ORD-00496,2024-06-07,CUST-0146,Office Chair,Furniture,South,1,394.7
ORD-00497,2023-09-19,CUST-0173,Notebook A4,Office Supplies,North,2,7.77
ORD-00498,2024-06-05,CUST-0004,Laptop Pro 15,Electronics,South,1,1240.97
ORD-00499,2024-01-08,CUST-0010,Standing Desk,Furniture,Central,15,566.66
ORD-00500,2024-03-05,CUST-0185,Mechanical Keyboard,Electronics,East,6,127.02
ORD-00501,2023-03-21,CUST-0173,Whiteboard,Office Supplies,North,6,77.43
ORD-00502,2024-06-12,CUST-0120,Laptop Pro 15,Electronics,East,7,1335.55
ORD-00503,2023-11-15,CUST-0003,Office Chair,Furniture,East,2,388.02
ORD-00504,2023-11-08,CUST-0095,Ballpoint Pens (Box),Office Supplies,Central,10,15.7
ORD-00505,2023-07-20,CUST-0063,Ballpoint Pens (Box),Office Supplies,South,15,14.25
ORD-00506,2024-02-24,CUST-0163,Laptop Pro 15,Electronics,North,4,1358.62
ORD-00507,2023-01-02,CUST-0189,Notebook A4,Office Supplies,East,11,7.67
ORD-00508,2024-06-26,CUST-0016,Mechanical Keyboard,Electronics,South,7,132.74
ORD-00509,2023-04-06,CUST-0134,Laptop Pro 15,Electronics,West,15,1326.1
ORD-00510,2024-01-17,CUST-0025,Bookshelf,Furniture,Central,12,144.49
ORD-00511,2024-02-08,CUST-0112,Wireless Mouse,Electronics,South,10,29.2
ORD-00512,2023-09-25,CUST-0101,Printer Paper (Ream),Office Supplies,East,6,12.75
ORD-00513,2023-10-06,CUST-0035,Mechanical Keyboard,Electronics,Central,2,124.91
ORD-00514,2023-04-19,CUST-0105,USB-C Hub,Electronics,North,8,50.17
ORD-00515,2023-08-01,CUST-0031,Bookshelf,Furniture,North,5,144.85
ORD-00516,2023-11-08,CUST-0011,Printer Paper (Ream),Office Supplies,South,12,13.43
ORD-00517,2023-12-02,CUST-0092,USB-C Hub,Electronics,West,2,50.06
ORD-00518,2023-11-03,CUST-0008,Monitor 27in,Electronics,West,14,362.4
ORD-00519,2023-09-13,CUST-0036,Wireless Mouse,Electronics,North,8,28.53
ORD-00520,2023-08-16,CUST-0096,USB-C Hub,Electronics,North,4,50.4
ORD-00521,2023-09-23,CUST-0017,Stapler,Office Supplies,South,14,20.79
ORD-00522,2024-03-30,CUST-0085,Notebook A4,Office Supplies,North,3,7.62
ORD-00523,2024-04-17,CUST-0111,Laptop Pro 15,Electronics,West,3,1299.49
ORD-00524,2024-01-27,CUST-0055,Sticky Notes (Pack),Office Supplies,South,7,9.77
ORD-00525,2024-04-01,CUST-0159,Stapler,Office Supplies,Central,3,19.48
ORD-00526,2023-10-30,CUST-0123,Bookshelf,Furniture,North,7,143.81
ORD-00527,2024-01-28,CUST-0135,USB-C Hub,Electronics,South,7,50.64
ORD-00528,2023-01-20,CUST-0123,Standing Desk,Furniture,Central,13,565.47
ORD-00529,2023-12-19,CUST-0100,Stapler,Office Supplies,East,10,19.35
ORD-00530,2023-11-23,,Whiteboard,Office Supplies,East,4,76.46
ORD-00531,2024-04-28,CUST-0060,Desk Lamp,Furniture,South,6,38.39
ORD-00532,2023-09-04,CUST-0189,Monitor 27in,Electronics,North,9,359.23
ORD-00533,2023-08-13,CUST-0100,Whiteboard,Office Supplies,East,14,83.47
ORD-00534,2023-06-27,CUST-0189,USB-C Hub,Electronics,East,4,52.06
ORD-00535,2023-01-29,CUST-0146,Ballpoint Pens (Box),Office Supplies,Central,12,14.45
ORD-00536,2023-07-12,CUST-0127,Printer Paper (Ream),Office Supplies,Central,13,12.74
ORD-00537,2024-05-17,CUST-0155,Laptop Pro 15,Electronics,South,2,1237.58
ORD-00538,2024-05-04,CUST-0052,Laptop Pro 15,Electronics,South,6,1279.29
ORD-00539,2023-07-01,CUST-0083,Stapler,Office Supplies,North,13,19.03
ORD-00540,2023-05-26,CUST-0094,Notebook A4,Office Supplies,North,2,7.89
ORD-00541,2024-02-10,CUST-0083,Whiteboard,Office Supplies,South,2,83.8
ORD-00542,2024-03-23,CUST-0167,Notebook A4,Office Supplies,East,11,7.73
ORD-00543,2024-01-01,CUST-0045,Mechanical Keyboard,Electronics,West,11,127.48
ORD-00544,2023-10-29,CUST-0180,USB-C Hub,Electronics,Central,3,49.45
ORD-00545,2023-02-03,CUST-0157,USB-C Hub,Electronics,South,10,50.69
ORD-00546,2023-04-17,CUST-0191,Stapler,Office Supplies,North,8,19.47
ORD-00547,2023-11-24,CUST-0023,USB-C Hub,Electronics,East,11,49.72
ORD-00548,2023-09-29,CUST-0090,Mechanical Keyboard,Electronics,East,4,133.72
ORD-00549,2023-01-02,CUST-0108,Laptop Pro 15,Electronics,South,7,1349.98
ORD-00550,2024-05-19,CUST-0097,Stapler,Office Supplies,North,7,20.65
ORD-00551,2023-08-19,CUST-0009,USB-C Hub,Electronics,East,8,47.59
ORD-00552,2023-09-25,CUST-0097,Wireless Mouse,Electronics,South,2,30.69
ORD-00553,2023-04-06,CUST-0124,Office Chair,Furniture,North,10,397.24
ORD-00554,2023-06-18,CUST-0014,Whiteboard,Office Supplies,North,15,78.64
ORD-00555,2023-07-14,CUST-0187,Standing Desk,Furniture,Central,12,537.08
ORD-00556,2023-10-16,CUST-0101,Monitor 27in,Electronics,Central,4,351.73
ORD-00557,2024-05-17,CUST-0110,USB-C Hub,Electronics,North,1,48.96
ORD-00558,2024-05-06,,Mechanical Keyboard,Electronics,South,2,131.79
ORD-00559,2023-03-25,CUST-0102,Bookshelf,Furniture,West,14,149.83
ORD-00560,2023-09-29,CUST-0048,Wireless Mouse,Electronics,East,11,31.15
ORD-00561,2024-01-14,CUST-0113,USB-C Hub,Electronics,West,8,48.81
ORD-00562,2023-10-03,CUST-0179,Whiteboard,Office Supplies,North,1,76.68
ORD-00563,2023-12-19,CUST-0194,Notebook A4,Office Supplies,Central,9,7.77
ORD-00564,2023-03-04,CUST-0108,Printer Paper (Ream),Office Supplies,Central,7,13.23
ORD-00565,2024-05-01,CUST-0077,Whiteboard,Office Supplies,North,15,79.15
ORD-00566,2023-02-05,CUST-0147,Desk Lamp,Furniture,Central,10,38.58
ORD-00567,2024-04-04,CUST-0050,USB-C Hub,Electronics,South,3,47.7
ORD-00568,2023-03-22,CUST-0161,Sticky Notes (Pack),Office Supplies,South,7,10.32
ORD-00569,2023-09-22,CUST-0018,Office Chair,Furniture,North,15,395.51
ORD-00570,2024-02-11,CUST-0134,Desk Lamp,Furniture,West,6,41.66
ORD-00571,2023-01-13,CUST-0134,Notebook A4,Office Supplies,West,12,7.68
ORD-00572,2023-06-03,CUST-0195,USB-C Hub,Electronics,North,10,52.11
ORD-00573,2023-04-14,CUST-0089,Notebook A4,Office Supplies,West,5,7.8
ORD-00574,2024-05-12,CUST-0045,Whiteboard,Office Supplies,East,10,79.21
ORD-00575,2024-02-16,CUST-0085,Laptop Pro 15,Electronics,South,7,1241.4
ORD-00576,2024-05-01,CUST-0006,Stapler,Office Supplies,East,5,20.62
ORD-00577,2023-11-07,CUST-0179,Monitor 27in,Electronics,North,5,366.53
ORD-00578,2023-08-22,CUST-0114,USB-C Hub,Electronics,East,5,48.84
ORD-00579,2024-03-02,CUST-0114,Whiteboard,Office Supplies,South,11,83.3
ORD-00580,2024-02-21,CUST-0096,Ballpoint Pens (Box),Office Supplies,North,8,15.01
ORD-00581,2023-06-12,CUST-0104,Wireless Mouse,Electronics,South,5,30.83
ORD-00582,2024-06-20,,Stapler,Office Supplies,South,10,20.74
ORD-00583,2023-07-25,CUST-0117,Printer Paper (Ream),Office Supplies,North,1,13.53
ORD-00584,2023-07-23,CUST-0130,Monitor 27in,Electronics,West,6,354.73
ORD-00585,2023-05-07,CUST-0126,Sticky Notes (Pack),Office Supplies,Central,1,9.94
ORD-00586,2024-04-30,CUST-0042,Whiteboard,Office Supplies,East,9,81.98
ORD-00587,2023-04-03,CUST-0042,Monitor 27in,Electronics,Central,1,359.78
ORD-00588,2023-08-08,CUST-0174,Printer Paper (Ream),Office Supplies,South,4,12.69
ORD-00589,2024-02-24,CUST-0197,Desk Lamp,Furniture,North,1,39.89
ORD-00590,2023-05-16,CUST-0003,Sticky Notes (Pack),Office Supplies,South,3,9.74
ORD-00591,2023-11-09,CUST-0109,Ballpoint Pens (Box),Office Supplies,West,12,15.52
ORD-00592,2024-04-15,CUST-0174,Monitor 27in,Electronics,Central,4,361.34
ORD-00593,2024-02-11,,Whiteboard,Office Supplies,East,2,80.48
ORD-00594,2023-10-17,CUST-0017,Monitor 27in,Electronics,East,11,367.08
ORD-00595,2023-11-29,CUST-0183,Printer Paper (Ream),Office Supplies,East,5,12.59
ORD-00596,2024-06-13,CUST-0154,Notebook A4,Office Supplies,West,4,8.12
ORD-00597,2023-05-24,CUST-0076,Ballpoint Pens (Box),Office Supplies,East,1,15.6
ORD-00598,2024-02-19,CUST-0182,Standing Desk,Furniture,Central,12,567.37
ORD-00599,2023-12-18,CUST-0137,Ballpoint Pens (Box),Office Supplies,West,12,15.6
ORD-00600,2024-01-03,CUST-0169,Desk Lamp,Furniture,Central,5,38.71
ORD-00601,2023-04-10,CUST-0186,Bookshelf,Furniture,Central,3,153.93
ORD-00602,2023-07-07,CUST-0023,Sticky Notes (Pack),Office Supplies,South,15,9.85
ORD-00603,2023-11-11,CUST-0096,Standing Desk,Furniture,East,13,554.7
ORD-00604,2024-04-19,CUST-0163,Printer Paper (Ream),Office Supplies,Central,2,13.09
ORD-00605,2023-03-14,CUST-0031,Bookshelf,Furniture,West,15,150.44
ORD-00606,2024-02-28,CUST-0036,Laptop Pro 15,Electronics,South,14,1279.54
ORD-00607,2024-04-13,CUST-0047,USB-C Hub,Electronics,North,6,49.93
ORD-00608,2023-07-01,CUST-0116,Office Chair,Furniture,East,11,388.37
ORD-00609,2023-06-22,CUST-0196,Whiteboard,Office Supplies,North,13,77.03
ORD-00610,2024-03-20,CUST-0123,Sticky Notes (Pack),Office Supplies,West,7,9.5
ORD-00611,2024-06-30,CUST-0004,Mechanical Keyboard,Electronics,East,12,133.33
ORD-00612,2024-06-27,CUST-0161,Mechanical Keyboard,Electronics,South,1,126.43
ORD-00613,2023-12-19,CUST-0129,Monitor 27in,Electronics,Central,3,343.2
ORD-00614,2023-03-08,CUST-0075,Printer Paper (Ream),Office Supplies,West,1,13.29
ORD-00615,2024-06-20,CUST-0035,Office Chair,Furniture,East,7,419.84
ORD-00616,2024-05-16,CUST-0104,Office Chair,Furniture,North,13,389.13
ORD-00617,2023-05-15,,Mechanical Keyboard,Electronics,Central,12,125.69
ORD-00618,2024-01-11,CUST-0097,Ballpoint Pens (Box),Office Supplies,East,11,15.4
ORD-00619,2023-02-19,CUST-0168,Whiteboard,Office Supplies,North,1,76.38
ORD-00620,2023-04-29,CUST-0141,Standing Desk,Furniture,East,8,548.58
ORD-00621,2023-06-06,CUST-0003,Mechanical Keyboard,Electronics,East,12,128.96
ORD-00622,2023-04-14,CUST-0156,Sticky Notes (Pack),Office Supplies,South,9,9.91
ORD-00623,2023-04-18,CUST-0073,Desk Lamp,Furniture,North,12,41.13
ORD-00624,2024-05-24,CUST-0068,Mechanical Keyboard,Electronics,Central,10,136.14
ORD-00625,2024-01-02,CUST-0011,Ballpoint Pens (Box),Office Supplies,Central,7,14.98
ORD-00626,2023-08-01,CUST-0061,Ballpoint Pens (Box),Office Supplies,North,15,14.26
ORD-00627,2023-04-02,CUST-0172,Stapler,Office Supplies,West,2,19.29
ORD-00628,2023-04-03,CUST-0186,Notebook A4,Office Supplies,North,9,8.31
ORD-00629,2023-08-25,CUST-0013,Bookshelf,Furniture,North,5,154.69
ORD-00630,2023-02-10,CUST-0174,Printer Paper (Ream),Office Supplies,East,5,12.89
ORD-00631,2023-04-29,CUST-0012,Wireless Mouse,Electronics,North,14,31.05
ORD-00632,2023-06-24,CUST-0160,Office Chair,Furniture,East,6,415.13
ORD-00633,2023-04-06,CUST-0030,Office Chair,Furniture,West,14,396.0
ORD-00634,2024-04-12,CUST-0123,Monitor 27in,Electronics,West,14,355.2
ORD-00635,2023-06-20,CUST-0016,Wireless Mouse,Electronics,South,3,28.8
ORD-00636,2024-05-09,CUST-0047,Notebook A4,Office Supplies,Central,10,7.89
ORD-00637,2024-01-03,CUST-0187,Whiteboard,Office Supplies,South,1,79.85
ORD-00638,2024-05-14,CUST-0012,Wireless Mouse,Electronics,North,15,29.28
ORD-00639,2023-11-18,CUST-0135,Laptop Pro 15,Electronics,Central,12,1329.08
ORD-00640,2023-08-18,CUST-0134,Sticky Notes (Pack),Office Supplies,Central,14,9.59
ORD-00641,2023-09-12,CUST-0165,Bookshelf,Furniture,West,6,144.72
ORD-00642,2023-02-25,CUST-0130,Laptop Pro 15,Electronics,West,11,1345.73
ORD-00643,2023-06-19,CUST-0062,Wireless Mouse,Electronics,East,13,31.4
ORD-00644,2023-02-21,CUST-0097,Desk Lamp,Furniture,West,4,41.26
ORD-00645,2023-03-22,CUST-0115,Bookshelf,Furniture,North,8,155.34
ORD-00646,2024-04-02,CUST-0191,Office Chair,Furniture,North,2,384.1
ORD-00647,2024-02-27,CUST-0024,Laptop Pro 15,Electronics,Central,9,1360.2
ORD-00648,2023-11-08,CUST-0168,Stapler,Office Supplies,West,9,20.89
ORD-00649,2024-01-08,CUST-0117,Printer Paper (Ream),Office Supplies,East,1,13.07
ORD-00650,2024-04-29,CUST-0116,Ballpoint Pens (Box),Office Supplies,North,11,14.39
ORD-00651,2023-08-16,CUST-0163,Laptop Pro 15,Electronics,East,6,1306.19
ORD-00652,2024-01-18,CUST-0043,Ballpoint Pens (Box),Office Supplies,West,2,14.45
ORD-00653,2024-02-24,CUST-0049,Wireless Mouse,Electronics,North,5,31.28
ORD-00654,2024-02-07,CUST-0049,Mechanical Keyboard,Electronics,East,8,124.89
ORD-00655,2024-02-29,CUST-0173,Laptop Pro 15,Electronics,Central,15,1251.01
ORD-00656,2024-04-06,CUST-0130,Bookshelf,Furniture,South,11,156.95
ORD-00657,2023-01-05,CUST-0111,Desk Lamp,Furniture,Central,12,39.92
ORD-00658,2024-06-04,CUST-0178,Notebook A4,Office Supplies,Central,15,7.73
ORD-00659,2023-05-12,CUST-0156,Wireless Mouse,Electronics,East,7,30.0
ORD-00660,2024-01-29,CUST-0196,Standing Desk,Furniture,South,10,537.54
ORD-00661,2023-12-18,CUST-0036,Monitor 27in,Electronics,West,8,353.58
ORD-00662,2024-06-08,CUST-0081,Monitor 27in,Electronics,Central,14,354.63
ORD-00663,2023-07-25,CUST-0176,Mechanical Keyboard,Electronics,East,10,135.47
ORD-00664,2023-05-16,CUST-0046,Ballpoint Pens (Box),Office Supplies,Central,11,15.05
ORD-00665,2023-11-27,CUST-0144,Ballpoint Pens (Box),Office Supplies,West,2,15.11
ORD-00666,2024-03-03,CUST-0137,Sticky Notes (Pack),Office Supplies,East,12,10.37
ORD-00667,2024-03-08,CUST-0007,Notebook A4,Office Supplies,West,1,7.71
ORD-00668,2023-02-27,CUST-0042,Mechanical Keyboard,Electronics,East,5,132.37
ORD-00669,2023-05-30,CUST-0076,Printer Paper (Ream),Office Supplies,South,1,13.32
ORD-00670,2023-02-03,CUST-0158,Office Chair,Furniture,Central,14,414.58
ORD-00671,2024-02-03,CUST-0179,Mechanical Keyboard,Electronics,East,9,132.5
ORD-00672,2023-02-18,CUST-0176,Stapler,Office Supplies,East,7,20.92
ORD-00673,2023-02-25,CUST-0159,Laptop Pro 15,Electronics,West,12,1342.89
ORD-00674,2024-01-12,CUST-0155,Notebook A4,Office Supplies,South,10,8.21
ORD-00675,2023-07-18,CUST-0175,Monitor 27in,Electronics,North,8,339.03
ORD-00676,2023-06-27,CUST-0011,Ballpoint Pens (Box),Office Supplies,West,9,14.66
ORD-00677,2023-09-28,CUST-0066,USB-C Hub,Electronics,North,3,49.14
ORD-00678,2023-06-08,CUST-0153,Laptop Pro 15,Electronics,North,3,1335.57
ORD-00679,2023-11-05,CUST-0092,Bookshelf,Furniture,North,13,154.25
ORD-00680,2023-11-22,CUST-0134,Desk Lamp,Furniture,North,4,41.13
ORD-00681,2023-06-13,CUST-0024,Standing Desk,Furniture,East,9,534.66
ORD-00682,2023-08-07,CUST-0076,Sticky Notes (Pack),Office Supplies,South,6,10.44
ORD-00683,2024-06-27,CUST-0167,Bookshelf,Furniture,North,9,144.21
ORD-00684,2023-12-21,CUST-0158,Bookshelf,Furniture,Central,4,146.15
ORD-00685,2023-02-10,CUST-0030,Sticky Notes (Pack),Office Supplies,West,15,9.75
ORD-00686,2023-10-17,CUST-0198,Laptop Pro 15,Electronics,East,15,1301.85
ORD-00687,2024-06-04,CUST-0167,Bookshelf,Furniture,South,8,147.29
ORD-00688,2023-03-26,CUST-0198,Wireless Mouse,Electronics,Central,3,30.09
ORD-00689,2023-03-09,CUST-0055,Mechanical Keyboard,Electronics,West,11,134.35
ORD-00690,2023-07-30,CUST-0190,Desk Lamp,Furniture,West,14,40.58
ORD-00691,2023-03-15,CUST-0118,Ballpoint Pens (Box),Office Supplies,East,11,14.3
ORD-00692,2023-03-17,CUST-0143,Laptop Pro 15,Electronics,North,3,1309.74
ORD-00693,2023-08-22,CUST-0116,Stapler,Office Supplies,West,5,19.86
ORD-00694,2023-01-18,CUST-0002,Standing Desk,Furniture,Central,11,525.97
ORD-00695,2023-02-16,CUST-0129,Ballpoint Pens (Box),Office Supplies,North,14,14.67
ORD-00696,2023-11-05,CUST-0113,Whiteboard,Office Supplies,West,2,79.15
ORD-00697,2023-02-01,CUST-0035,Bookshelf,Furniture,West,3,154.44
ORD-00698,2023-10-30,CUST-0187,Sticky Notes (Pack),Office Supplies,East,3,10.45
ORD-00699,2023-01-12,CUST-0032,Desk Lamp,Furniture,North,14,38.01
ORD-00700,2024-02-08,CUST-0079,Desk Lamp,Furniture,South,9,40.98
ORD-00701,2023-12-19,CUST-0132,Mechanical Keyboard,Electronics,South,7,125.58
ORD-00702,2023-08-15,CUST-0030,Whiteboard,Office Supplies,South,14,81.36
ORD-00703,2023-02-25,CUST-0141,Printer Paper (Ream),Office Supplies,West,13,13.18
ORD-00704,2023-03-16,CUST-0026,Monitor 27in,Electronics,South,11,357.89
ORD-00705,2024-05-13,CUST-0168,Office Chair,Furniture,South,6,383.99
ORD-00706,2023-03-13,CUST-0116,Stapler,Office Supplies,East,4,20.22
ORD-00707,2023-11-10,CUST-0146,Ballpoint Pens (Box),Office Supplies,East,10,15.45
ORD-00708,2024-03-14,CUST-0057,USB-C Hub,Electronics,West,1,48.87
ORD-00709,2024-01-04,CUST-0123,USB-C Hub,Electronics,West,11,49.72
ORD-00710,2023-11-09,CUST-0166,Bookshelf,Furniture,Central,9,143.72
ORD-00711,2023-10-15,CUST-0138,Printer Paper (Ream),Office Supplies,South,14,12.68
ORD-00712,2023-03-20,CUST-0130,Ballpoint Pens (Box),Office Supplies,North,2,15.46
ORD-00713,2024-02-19,CUST-0010,Notebook A4,Office Supplies,Central,10,7.8
ORD-00714,2024-04-28,CUST-0101,Sticky Notes (Pack),Office Supplies,South,13,10.38
ORD-00715,2023-10-25,CUST-0024,USB-C Hub,Electronics,West,8,49.31
ORD-00716,2023-01-11,CUST-0158,Sticky Notes (Pack),Office Supplies,South,4,10.25
ORD-00717,2023-05-24,CUST-0145,Bookshelf,Furniture,South,3,153.53
ORD-00718,2024-05-10,CUST-0125,Office Chair,Furniture,South,1,382.5
ORD-00719,2024-01-14,CUST-0133,Mechanical Keyboard,Electronics,East,1,128.54
ORD-00720,2024-04-10,CUST-0167,Stapler,Office Supplies,East,1,19.2
ORD-00721,2024-06-17,CUST-0190,Sticky Notes (Pack),Office Supplies,East,14,10.07
ORD-00722,2023-06-28,CUST-0151,Standing Desk,Furniture,North,11,550.91
ORD-00723,2024-01-21,CUST-0091,Stapler,Office Supplies,East,4,19.96
ORD-00724,2024-05-08,,Stapler,Office Supplies,South,10,19.87
ORD-00725,2023-08-24,CUST-0055,Wireless Mouse,Electronics,South,9,29.05
ORD-00726,2024-01-06,CUST-0170,Whiteboard,Office Supplies,South,12,79.31
ORD-00727,2023-12-05,CUST-0123,Ballpoint Pens (Box),Office Supplies,West,2,14.56
ORD-00728,2023-06-15,CUST-0063,Sticky Notes (Pack),Office Supplies,North,14,9.62
ORD-00729,2023-06-14,CUST-0147,USB-C Hub,Electronics,South,11,47.77
ORD-00730,2023-09-22,CUST-0104,Stapler,Office Supplies,Central,3,20.93
ORD-00731,2023-01-20,CUST-0073,Stapler,Office Supplies,North,12,19.42
ORD-00732,2024-04-27,CUST-0106,Printer Paper (Ream),Office Supplies,Central,8,12.53
ORD-00733,2023-07-06,CUST-0043,Whiteboard,Office Supplies,East,11,83.37
ORD-00734,2023-03-12,CUST-0028,Mechanical Keyboard,Electronics,North,7,126.12
ORD-00735,2024-05-31,CUST-0156,Sticky Notes (Pack),Office Supplies,North,7,9.67
ORD-00736,2023-02-09,CUST-0193,Stapler,Office Supplies,North,13,19.18
ORD-00737,2023-05-14,CUST-0001,Stapler,Office Supplies,West,10,20.03
ORD-00738,2024-01-15,CUST-0110,Printer Paper (Ream),Office Supplies,South,1,13.56
ORD-00739,2024-05-08,CUST-0151,Notebook A4,Office Supplies,Central,13,7.67
ORD-00740,2023-05-18,CUST-0022,Monitor 27in,Electronics,East,8,353.43
ORD-00741,2024-02-23,,Monitor 27in,Electronics,North,4,352.72
ORD-00742,2023-05-01,CUST-0053,Desk Lamp,Furniture,East,1,39.63
ORD-00743,2023-04-20,CUST-0065,USB-C Hub,Electronics,East,7,51.76
ORD-00744,2024-03-09,CUST-0175,Whiteboard,Office Supplies,West,6,82.03
ORD-00745,2024-02-28,CUST-0046,Desk Lamp,Furniture,East,13,40.23
ORD-00746,2024-05-10,CUST-0199,Monitor 27in,Electronics,West,5,358.24
ORD-00747,2023-05-02,CUST-0180,Ballpoint Pens (Box),Office Supplies,South,4,14.39
ORD-00748,2024-06-04,CUST-0141,Standing Desk,Furniture,Central,13,560.83
ORD-00749,2023-02-23,CUST-0002,USB-C Hub,Electronics,North,7,51.61
ORD-00750,2024-04-27,CUST-0017,Stapler,Office Supplies,East,10,19.43
ORD-00751,2023-03-23,CUST-0103,Whiteboard,Office Supplies,Central,1,81.24
ORD-00752,2023-10-21,CUST-0199,Ballpoint Pens (Box),Office Supplies,South,10,15.2
ORD-00753,2024-03-25,CUST-0133,Laptop Pro 15,Electronics,East,4,1260.31
ORD-00754,2024-06-06,CUST-0044,Desk Lamp,Furniture,North,12,39.43
ORD-00755,2023-01-01,CUST-0200,USB-C Hub,Electronics,West,2,49.26
ORD-00756,2024-02-09,CUST-0004,Standing Desk,Furniture,North,10,573.04
ORD-00757,2023-10-19,CUST-0150,Ballpoint Pens (Box),Office Supplies,East,14,14.76
ORD-00758,2023-10-11,CUST-0117,Mechanical Keyboard,Electronics,West,10,130.96
ORD-00759,2023-09-25,CUST-0144,USB-C Hub,Electronics,North,7,50.01
ORD-00760,2023-12-15,CUST-0066,Wireless Mouse,Electronics,Central,13,30.93
ORD-00761,2023-09-14,CUST-0145,Ballpoint Pens (Box),Office Supplies,West,8,15.39
ORD-00762,2023-12-14,CUST-0151,Notebook A4,Office Supplies,North,8,7.98
ORD-00763,2023-09-22,CUST-0057,Wireless Mouse,Electronics,South,7,30.89
ORD-00764,2024-02-27,CUST-0180,Office Chair,Furniture,East,9,389.92
ORD-00765,2023-04-06,CUST-0088,Standing Desk,Furniture,North,11,552.99
ORD-00766,2023-07-02,CUST-0147,Bookshelf,Furniture,East,6,145.23
ORD-00767,2023-07-14,CUST-0189,Bookshelf,Furniture,South,12,155.58
ORD-00768,2023-07-31,CUST-0159,Mechanical Keyboard,Electronics,East,4,125.52
ORD-00769,2023-04-20,CUST-0170,Wireless Mouse,Electronics,West,15,30.33
ORD-00770,2023-02-13,CUST-0081,Printer Paper (Ream),Office Supplies,West,8,13.51
ORD-00771,2023-10-09,CUST-0131,Bookshelf,Furniture,East,3,148.46
ORD-00772,2023-05-12,CUST-0123,Laptop Pro 15,Electronics,Central,9,1239.22
ORD-00773,2023-12-22,CUST-0045,Standing Desk,Furniture,West,14,576.2
ORD-00774,2024-06-14,CUST-0004,Bookshelf,Furniture,South,6,148.18
ORD-00775,2023-04-14,CUST-0067,Office Chair,Furniture,South,6,401.93
ORD-00776,2023-08-31,CUST-0088,Monitor 27in,Electronics,East,8,338.93
ORD-00777,2024-03-10,CUST-0096,Mechanical Keyboard,Electronics,East,7,134.6
ORD-00778,2023-10-14,CUST-0148,Bookshelf,Furniture,South,3,154.7
ORD-00779,2023-10-04,CUST-0098,Notebook A4,Office Supplies,South,4,7.71
ORD-00780,2023-06-03,,Bookshelf,Furniture,West,13,149.98
ORD-00781,2024-06-13,CUST-0125,Desk Lamp,Furniture,East,12,38.99
ORD-00782,2023-02-18,CUST-0016,Standing Desk,Furniture,South,2,567.25
ORD-00783,2024-05-02,CUST-0191,Printer Paper (Ream),Office Supplies,East,11,12.68
ORD-00784,2024-01-04,CUST-0066,Desk Lamp,Furniture,East,9,38.07
ORD-00785,2023-05-05,CUST-0156,Office Chair,Furniture,South,14,403.06
ORD-00786,2023-06-28,CUST-0173,Notebook A4,Office Supplies,Central,5,7.98
ORD-00787,2024-04-02,CUST-0074,Stapler,Office Supplies,West,2,20.25
ORD-00788,2023-05-29,CUST-0087,Printer Paper (Ream),Office Supplies,West,3,13.16
ORD-00789,2024-02-19,CUST-0042,Printer Paper (Ream),Office Supplies,East,15,12.64
ORD-00790,2023-11-21,CUST-0155,Sticky Notes (Pack),Office Supplies,West,5,9.76
ORD-00791,2024-03-31,CUST-0192,Notebook A4,Office Supplies,Central,14,8.01
ORD-00792,2024-04-06,CUST-0006,Standing Desk,Furniture,South,3,562.52
ORD-00793,2023-09-15,CUST-0054,Ballpoint Pens (Box),Office Supplies,South,12,14.84
ORD-00794,2023-04-08,CUST-0141,Wireless Mouse,Electronics,North,15,28.57
ORD-00795,2024-02-11,CUST-0027,Desk Lamp,Furniture,East,13,40.46
ORD-00796,2023-03-28,CUST-0080,Sticky Notes (Pack),Office Supplies,South,15,9.74
ORD-00797,2023-10-18,CUST-0135,Bookshelf,Furniture,South,11,142.92
ORD-00798,2024-01-01,CUST-0122,Printer Paper (Ream),Office Supplies,West,15,13.61
ORD-00799,2023-10-06,CUST-0179,Desk Lamp,Furniture,Central,8,38.7
ORD-00800,2024-04-12,CUST-0145,Sticky Notes (Pack),Office Supplies,West,12,10.01
ORD-00801,2024-06-30,CUST-0139,Monitor 27in,Electronics,South,15,360.65
ORD-00802,2024-03-28,CUST-0040,Monitor 27in,Electronics,East,6,332.86
ORD-00803,2024-06-19,CUST-0089,Printer Paper (Ream),Office Supplies,East,13,12.95
ORD-00804,2023-01-09,CUST-0194,Ballpoint Pens (Box),Office Supplies,West,15,14.69
ORD-00805,2024-03-16,CUST-0002,Notebook A4,Office Supplies,Central,5,7.89
ORD-00806,2024-02-26,CUST-0064,Stapler,Office Supplies,South,9,20.42
ORD-00807,2024-02-04,CUST-0021,Printer Paper (Ream),Office Supplies,West,7,13.15
ORD-00808,2024-06-13,CUST-0178,Notebook A4,Office Supplies,East,13,7.82
ORD-00809,2024-06-28,CUST-0018,Notebook A4,Office Supplies,South,5,7.7
ORD-00810,2023-04-24,CUST-0070,Sticky Notes (Pack),Office Supplies,Central,8,9.98
ORD-00811,2023-11-25,CUST-0137,Laptop Pro 15,Electronics,North,3,1259.16
ORD-00812,2023-04-15,CUST-0113,Monitor 27in,Electronics,North,5,340.64
ORD-00813,2023-06-04,CUST-0108,Laptop Pro 15,Electronics,East,8,1337.13
ORD-00814,2024-05-25,CUST-0009,Office Chair,Furniture,East,8,383.2
ORD-00815,2023-05-30,CUST-0019,Laptop Pro 15,Electronics,Central,5,1296.11
ORD-00816,2023-07-16,CUST-0098,Stapler,Office Supplies,North,14,19.23
ORD-00817,2023-09-12,CUST-0064,Standing Desk,Furniture,North,13,533.45
ORD-00818,2023-04-07,CUST-0122,Desk Lamp,Furniture,West,11,40.72
ORD-00819,2023-11-16,CUST-0187,Stapler,Office Supplies,North,6,20.48
ORD-00820,2024-06-17,CUST-0077,Wireless Mouse,Electronics,South,5,29.57
ORD-00821,2023-02-23,CUST-0029,Printer Paper (Ream),Office Supplies,South,11,13.16
ORD-00822,2023-11-29,CUST-0150,Laptop Pro 15,Electronics,North,3,1286.45
ORD-00823,2023-09-06,CUST-0177,Laptop Pro 15,Electronics,West,1,1324.48
ORD-00824,2023-06-08,CUST-0041,Office Chair,Furniture,West,13,383.65
ORD-00825,2023-12-13,CUST-0016,Stapler,Office Supplies,East,13,20.28
ORD-00826,2023-04-20,CUST-0143,USB-C Hub,Electronics,East,8,51.52
ORD-00827,2024-03-25,,Ballpoint Pens (Box),Office Supplies,West,4,14.78
ORD-00828,2023-05-18,CUST-0181,Monitor 27in,Electronics,West,15,352.06
ORD-00829,2024-05-16,CUST-0090,Mechanical Keyboard,Electronics,East,10,133.01
ORD-00830,2023-10-09,CUST-0142,Printer Paper (Ream),Office Supplies,South,14,12.43
ORD-00831,2023-06-08,CUST-0139,Bookshelf,Furniture,East,5,149.3
ORD-00832,2024-06-02,CUST-0005,Standing Desk,Furniture,Central,12,569.62
ORD-00833,2023-09-02,CUST-0138,Office Chair,Furniture,West,12,387.59
ORD-00834,2024-05-24,CUST-0073,Notebook A4,Office Supplies,East,9,7.92
ORD-00835,2023-11-26,CUST-0018,Wireless Mouse,Electronics,North,2,31.0
ORD-00836,2023-05-13,CUST-0028,USB-C Hub,Electronics,West,14,48.45
ORD-00837,2023-02-02,CUST-0169,Whiteboard,Office Supplies,West,11,80.2
ORD-00838,2023-09-20,CUST-0184,Laptop Pro 15,Electronics,North,6,1236.69
ORD-00839,2023-08-02,CUST-0021,Sticky Notes (Pack),Office Supplies,West,8,10.29
ORD-00840,2023-03-04,CUST-0107,Office Chair,Furniture,East,9,411.76
ORD-00841,2023-03-01,CUST-0011,Printer Paper (Ream),Office Supplies,North,10,13.42
ORD-00842,2023-03-21,CUST-0186,Mechanical Keyboard,Electronics,South,9,130.4
ORD-00843,2023-07-14,CUST-0146,Mechanical Keyboard,Electronics,South,9,130.75
ORD-00844,2024-03-01,CUST-0148,Ballpoint Pens (Box),Office Supplies,East,2,15.25
ORD-00845,2024-03-13,CUST-0047,Stapler,Office Supplies,Central,2,19.79
ORD-00846,2023-12-12,CUST-0154,Sticky Notes (Pack),Office Supplies,West,3,10.42
ORD-00847,2023-11-19,CUST-0106,Desk Lamp,Furniture,West,6,41.29
ORD-00848,2023-11-28,CUST-0055,Whiteboard,Office Supplies,West,4,82.12
ORD-00849,2023-09-18,CUST-0102,Office Chair,Furniture,North,8,409.04
ORD-00850,2023-10-19,CUST-0078,Whiteboard,Office Supplies,North,1,78.39
ORD-00851,2023-08-16,CUST-0198,Mechanical Keyboard,Electronics,East,14,135.44
ORD-00852,2024-06-07,CUST-0040,Desk Lamp,Furniture,North,10,38.14
ORD-00853,2023-12-31,CUST-0150,USB-C Hub,Electronics,South,3,48.66
ORD-00854,2023-11-04,CUST-0056,Wireless Mouse,Electronics,North,10,30.66
ORD-00855,2024-05-09,CUST-0177,USB-C Hub,Electronics,Central,8,51.59
ORD-00856,2023-04-08,CUST-0188,Whiteboard,Office Supplies,Central,11,79.04
ORD-00857,2023-02-27,CUST-0112,Stapler,Office Supplies,West,13,20.85
ORD-00858,2023-05-04,CUST-0168,Printer Paper (Ream),Office Supplies,Central,13,13.55
ORD-00859,2024-01-27,CUST-0082,Laptop Pro 15,Electronics,Central,5,1308.43
ORD-00860,2023-12-01,CUST-0013,Desk Lamp,Furniture,West,12,41.87
ORD-00861,2024-05-31,CUST-0101,Wireless Mouse,Electronics,South,4,28.89
ORD-00862,2023-03-26,CUST-0141,Bookshelf,Furniture,West,10,146.43
ORD-00863,2024-02-13,CUST-0034,Desk Lamp,Furniture,South,7,39.91
ORD-00864,2023-07-22,CUST-0051,Bookshelf,Furniture,Central,7,151.73
ORD-00865,2024-06-20,CUST-0199,Mechanical Keyboard,Electronics,West,4,127.69
ORD-00866,2023-04-02,CUST-0094,Wireless Mouse,Electronics,East,11,29.06
ORD-00867,2023-12-19,,Whiteboard,Office Supplies,East,11,77.34
ORD-00868,2023-12-25,CUST-0114,Whiteboard,Office Supplies,Central,14,77.16
ORD-00869,2023-02-15,CUST-0176,Stapler,Office Supplies,East,14,19.3
ORD-00870,2023-03-29,CUST-0159,Wireless Mouse,Electronics,South,12,31.1
ORD-00871,2023-10-22,CUST-0029,Laptop Pro 15,Electronics,East,6,1293.5
ORD-00872,2023-01-24,CUST-0055,Office Chair,Furniture,South,4,401.85
ORD-00873,2023-09-22,CUST-0037,Desk Lamp,Furniture,North,8,39.5
ORD-00874,2024-06-23,CUST-0073,Laptop Pro 15,Electronics,South,5,1337.58
ORD-00875,2023-10-05,CUST-0003,Laptop Pro 15,Electronics,North,8,1285.51
ORD-00876,2023-10-05,CUST-0093,Sticky Notes (Pack),Office Supplies,North,14,9.51
ORD-00877,2024-01-31,CUST-0182,Mechanical Keyboard,Electronics,North,7,135.24
ORD-00878,2024-05-11,CUST-0048,Printer Paper (Ream),Office Supplies,South,10,12.99
ORD-00879,2024-04-13,CUST-0011,Desk Lamp,Furniture,South,15,41.68
ORD-00880,2023-11-09,CUST-0041,Office Chair,Furniture,North,8,393.86
ORD-00881,2023-12-27,CUST-0129,Office Chair,Furniture,East,11,412.47
ORD-00882,2023-09-21,CUST-0008,Stapler,Office Supplies,Central,7,20.89
ORD-00883,2023-08-19,CUST-0169,USB-C Hub,Electronics,South,6,47.93
ORD-00884,2024-01-27,CUST-0161,Desk Lamp,Furniture,South,11,39.66
ORD-00885,2023-06-06,CUST-0085,Standing Desk,Furniture,West,5,552.31
ORD-00886,2023-07-31,CUST-0176,Sticky Notes (Pack),Office Supplies,South,3,10.35
ORD-00887,2023-11-13,CUST-0035,Ballpoint Pens (Box),Office Supplies,West,12,15.73
ORD-00888,2023-05-29,CUST-0041,Sticky Notes (Pack),Office Supplies,East,15,9.56
ORD-00889,2024-06-29,CUST-0038,Ballpoint Pens (Box),Office Supplies,North,2,15.39
ORD-00890,2024-02-28,CUST-0164,Standing Desk,Furniture,East,5,530.85
ORD-00891,2023-07-12,CUST-0196,Wireless Mouse,Electronics,Central,3,30.34
ORD-00892,2023-08-25,CUST-0007,Whiteboard,Office Supplies,East,4,76.63
ORD-00893,2024-05-03,CUST-0121,USB-C Hub,Electronics,East,9,48.41
ORD-00894,2024-02-01,CUST-0050,Bookshelf,Furniture,South,8,142.97
ORD-00895,2023-01-16,CUST-0057,Stapler,Office Supplies,South,5,20.51
ORD-00896,2023-03-09,CUST-0113,USB-C Hub,Electronics,Central,15,49.94
ORD-00897,2023-11-29,CUST-0110,Printer Paper (Ream),Office Supplies,West,8,13.35
ORD-00898,2024-01-25,CUST-0191,Ballpoint Pens (Box),Office Supplies,Central,6,15.13
ORD-00899,2024-06-21,CUST-0010,Sticky Notes (Pack),Office Supplies,Central,15,9.6
ORD-00900,2024-04-12,CUST-0063,Printer Paper (Ream),Office Supplies,Central,15,13.04
ORD-00901,2023-02-10,CUST-0162,Desk Lamp,Furniture,North,7,38.75
ORD-00902,2024-03-26,CUST-0074,Standing Desk,Furniture,West,15,531.65
ORD-00903,2023-10-29,CUST-0133,Whiteboard,Office Supplies,South,15,79.7
ORD-00904,2024-04-07,CUST-0047,Wireless Mouse,Electronics,Central,12,31.3
ORD-00905,2023-05-19,CUST-0007,Standing Desk,Furniture,South,7,547.44
ORD-00906,2023-07-26,CUST-0083,Stapler,Office Supplies,South,8,20.43
ORD-00907,2023-05-07,CUST-0163,Wireless Mouse,Electronics,East,2,28.75
ORD-00908,2024-01-29,CUST-0157,Ballpoint Pens (Box),Office Supplies,South,13,14.81
ORD-00909,2024-01-25,CUST-0086,Laptop Pro 15,Electronics,Central,13,1348.26
ORD-00910,2023-06-03,CUST-0197,USB-C Hub,Electronics,North,14,49.59
ORD-00911,2023-11-13,CUST-0074,Ballpoint Pens (Box),Office Supplies,South,13,14.42
ORD-00912,2023-05-15,CUST-0065,Mechanical Keyboard,Electronics,North,1,129.45
ORD-00913,2024-05-25,,Desk Lamp,Furniture,West,13,38.94
ORD-00914,2024-05-02,CUST-0154,Bookshelf,Furniture,Central,7,142.59
ORD-00915,2023-10-12,CUST-0054,Whiteboard,Office Supplies,North,11,77.47
ORD-00916,2023-02-26,CUST-0009,Sticky Notes (Pack),Office Supplies,Central,6,10.33
ORD-00917,2023-11-02,CUST-0028,Office Chair,Furniture,West,15,419.74
ORD-00918,2023-06-15,CUST-0178,Sticky Notes (Pack),Office Supplies,Central,5,10.06
ORD-00919,2023-07-01,CUST-0010,Bookshelf,Furniture,North,12,154.02
ORD-00920,2023-11-27,CUST-0018,Office Chair,Furniture,West,15,413.72
ORD-00921,2023-03-08,CUST-0178,Monitor 27in,Electronics,East,8,344.01
ORD-00922,2024-02-28,CUST-0157,Desk Lamp,Furniture,North,4,38.43
ORD-00923,2024-06-25,CUST-0155,Wireless Mouse,Electronics,East,8,29.77
ORD-00924,2023-11-21,CUST-0160,Monitor 27in,Electronics,East,9,364.94
ORD-00925,2024-05-23,CUST-0127,Desk Lamp,Furniture,South,12,41.52
ORD-00926,2023-08-27,CUST-0001,Ballpoint Pens (Box),Office Supplies,North,5,14.28
ORD-00927,2023-05-01,CUST-0158,Ballpoint Pens (Box),Office Supplies,West,14,14.86
ORD-00928,2023-12-08,CUST-0055,Office Chair,Furniture,North,9,405.61
ORD-00929,2023-10-16,CUST-0077,Monitor 27in,Electronics,Central,13,351.74
ORD-00930,2023-01-07,CUST-0102,Wireless Mouse,Electronics,Central,11,30.34
ORD-00931,2023-01-30,CUST-0087,Printer Paper (Ream),Office Supplies,West,3,13.53
ORD-00932,2023-02-06,CUST-0161,Sticky Notes (Pack),Office Supplies,West,3,10.38
ORD-00933,2023-12-10,CUST-0191,Bookshelf,Furniture,North,13,155.02
ORD-00934,2023-11-03,CUST-0143,Whiteboard,Office Supplies,Central,12,76.14
ORD-00935,2023-12-06,CUST-0091,Notebook A4,Office Supplies,North,15,8.37
ORD-00936,2023-10-15,CUST-0097,Printer Paper (Ream),Office Supplies,Central,1,13.43
ORD-00937,2024-02-03,CUST-0193,USB-C Hub,Electronics,East,10,51.02
ORD-00938,2023-11-19,CUST-0023,Ballpoint Pens (Box),Office Supplies,West,1,15.56
ORD-00939,2024-01-16,CUST-0056,Bookshelf,Furniture,Central,14,147.02
ORD-00940,2023-04-25,CUST-0052,Office Chair,Furniture,North,13,397.74
ORD-00941,2023-01-26,CUST-0040,Notebook A4,Office Supplies,South,8,7.86
ORD-00942,2024-05-10,CUST-0199,Ballpoint Pens (Box),Office Supplies,East,14,14.46
ORD-00943,2023-04-11,CUST-0034,Printer Paper (Ream),Office Supplies,South,9,13.28
ORD-00944,2024-04-15,CUST-0030,Standing Desk,Furniture,North,12,539.59
ORD-00945,2023-02-15,CUST-0023,Sticky Notes (Pack),Office Supplies,East,14,9.96
ORD-00946,2023-02-17,CUST-0191,Wireless Mouse,Electronics,East,9,28.56
ORD-00947,2023-11-16,CUST-0052,Sticky Notes (Pack),Office Supplies,South,15,9.78
ORD-00948,2024-06-29,CUST-0031,Office Chair,Furniture,East,13,385.96
ORD-00949,2023-10-08,CUST-0144,Wireless Mouse,Electronics,Central,1,28.8
ORD-00950,2023-12-25,CUST-0181,Desk Lamp,Furniture,East,6,40.29
ORD-00951,2023-06-25,CUST-0087,Wireless Mouse,Electronics,Central,5,29.82
ORD-00952,2023-05-14,CUST-0013,Laptop Pro 15,Electronics,North,8,1284.86
ORD-00953,2023-03-30,CUST-0153,Standing Desk,Furniture,Central,7,557.11
ORD-00954,2024-04-01,CUST-0051,Whiteboard,Office Supplies,Central,6,76.62
ORD-00955,2024-04-21,CUST-0179,Whiteboard,Office Supplies,West,3,76.77
ORD-00956,2023-11-14,CUST-0120,Sticky Notes (Pack),Office Supplies,West,11,9.72
ORD-00957,2023-08-18,CUST-0067,USB-C Hub,Electronics,East,14,49.45
ORD-00958,2023-12-05,CUST-0117,Notebook A4,Office Supplies,West,14,7.61
ORD-00959,2024-05-01,CUST-0044,Wireless Mouse,Electronics,East,6,30.79
ORD-00960,2023-05-11,CUST-0183,Desk Lamp,Furniture,North,2,39.29
ORD-00961,2023-03-14,CUST-0103,Notebook A4,Office Supplies,Central,5,7.92
ORD-00962,2023-09-07,CUST-0099,Desk Lamp,Furniture,North,3,39.35
ORD-00963,2024-03-17,CUST-0088,Notebook A4,Office Supplies,Central,7,8.15
ORD-00964,2023-06-27,CUST-0183,Sticky Notes (Pack),Office Supplies,Central,11,10.33
ORD-00965,2023-04-28,CUST-0143,Whiteboard,Office Supplies,North,10,82.57
ORD-00966,2023-06-30,CUST-0028,Monitor 27in,Electronics,Central,7,359.49
ORD-00967,2024-01-24,CUST-0016,Office Chair,Furniture,North,8,388.69
ORD-00968,2023-05-23,CUST-0163,Stapler,Office Supplies,North,10,20.5
ORD-00969,2023-06-02,CUST-0158,Bookshelf,Furniture,Central,9,149.2
ORD-00970,2023-07-30,CUST-0146,Sticky Notes (Pack),Office Supplies,East,15,10.41
ORD-00971,2024-03-21,CUST-0023,Ballpoint Pens (Box),Office Supplies,Central,15,14.25
ORD-00972,2024-06-06,CUST-0076,Standing Desk,Furniture,North,14,542.8
ORD-00973,2023-02-24,CUST-0092,Laptop Pro 15,Electronics,North,12,1346.95
ORD-00974,2023-02-01,CUST-0101,Mechanical Keyboard,Electronics,East,7,132.74
ORD-00975,2024-02-20,CUST-0170,Standing Desk,Furniture,South,7,548.61
ORD-00976,2023-07-12,CUST-0093,Desk Lamp,Furniture,West,7,38.61
ORD-00977,2023-05-09,CUST-0005,USB-C Hub,Electronics,South,1,51.1
ORD-00978,2024-05-13,CUST-0035,Sticky Notes (Pack),Office Supplies,North,7,9.63
ORD-00979,2024-03-01,CUST-0179,Printer Paper (Ream),Office Supplies,Central,8,13.55
ORD-00980,2023-07-04,CUST-0116,Bookshelf,Furniture,West,9,147.82
ORD-00981,2023-07-10,,Standing Desk,Furniture,West,10,569.06
ORD-00982,2023-08-31,CUST-0140,Ballpoint Pens (Box),Office Supplies,Central,9,14.79
ORD-00983,2023-02-08,CUST-0029,Whiteboard,Office Supplies,Central,8,79.84
ORD-00984,2023-03-23,CUST-0193,USB-C Hub,Electronics,East,12,49.81
ORD-00985,2023-03-22,CUST-0063,Desk Lamp,Furniture,West,15,40.51
ORD-00986,2023-03-21,CUST-0149,Sticky Notes (Pack),Office Supplies,East,11,10.1
ORD-00987,2023-12-18,,Desk Lamp,Furniture,West,13,40.04
ORD-00988,2024-04-25,CUST-0091,Whiteboard,Office Supplies,East,12,78.3
ORD-00989,2023-02-06,CUST-0078,Ballpoint Pens (Box),Office Supplies,Central,15,14.63
ORD-00990,2024-04-29,CUST-0169,Whiteboard,Office Supplies,East,3,82.46
ORD-00991,2023-01-28,CUST-0130,Monitor 27in,Electronics,North,8,362.29
ORD-00992,2023-10-12,CUST-0071,Monitor 27in,Electronics,East,3,332.99
ORD-00993,2023-04-25,CUST-0190,Whiteboard,Office Supplies,South,3,81.26
ORD-00994,2024-01-14,CUST-0180,Notebook A4,Office Supplies,South,3,7.98
ORD-00995,2024-06-24,CUST-0022,Printer Paper (Ream),Office Supplies,South,1,13.11
ORD-00996,2023-06-07,CUST-0106,Printer Paper (Ream),Office Supplies,West,8,12.65
ORD-00997,2024-03-26,CUST-0148,Ballpoint Pens (Box),Office Supplies,East,11,14.32
ORD-00998,2023-09-28,CUST-0043,Notebook A4,Office Supplies,West,14,7.91
ORD-00999,2023-11-05,CUST-0137,Bookshelf,Furniture,South,12,148.19
ORD-01000,2024-02-04,CUST-0112,Bookshelf,Furniture,North,5,146.82
ORD-01001,2024-04-04,CUST-0136,Standing Desk,Furniture,North,11,527.85
ORD-01002,2024-06-28,CUST-0111,Sticky Notes (Pack),Office Supplies,Central,6,10.41
ORD-01003,2023-10-07,CUST-0026,Office Chair,Furniture,East,5,406.16
ORD-01004,2024-02-05,CUST-0062,Bookshelf,Furniture,Central,13,154.05
ORD-01005,2024-06-16,CUST-0047,Office Chair,Furniture,East,11,401.89
ORD-01006,2023-01-09,,Printer Paper (Ream),Office Supplies,North,2,13.02
ORD-01007,2024-04-01,CUST-0065,Office Chair,Furniture,South,4,381.35
ORD-01008,2023-04-05,CUST-0056,Laptop Pro 15,Electronics,Central,10,1317.94
ORD-01009,2023-05-03,CUST-0097,Wireless Mouse,Electronics,Central,14,30.9
ORD-01010,2023-07-09,CUST-0065,Stapler,Office Supplies,East,2,19.92
ORD-01011,2023-03-19,CUST-0071,Sticky Notes (Pack),Office Supplies,West,8,10.18
ORD-01012,2023-11-28,CUST-0071,Monitor 27in,Electronics,North,3,345.89
ORD-01013,2023-12-07,CUST-0068,Laptop Pro 15,Electronics,South,5,1292.26
ORD-01014,2024-05-18,CUST-0046,Stapler,Office Supplies,West,4,19.21
ORD-01015,2024-03-17,CUST-0114,Mechanical Keyboard,Electronics,East,10,124.83
ORD-01016,2023-03-16,CUST-0199,Wireless Mouse,Electronics,West,10,28.55
ORD-01017,2024-05-24,CUST-0010,USB-C Hub,Electronics,West,11,48.82
ORD-01018,2023-12-04,CUST-0132,Stapler,Office Supplies,West,7,19.95
ORD-01019,2024-02-18,CUST-0018,Printer Paper (Ream),Office Supplies,Central,12,12.63
ORD-01020,2024-01-29,CUST-0032,Ballpoint Pens (Box),Office Supplies,Central,14,15.04
ORD-01021,2024-01-03,CUST-0015,Office Chair,Furniture,North,11,394.6
ORD-01022,2023-12-15,CUST-0197,Wireless Mouse,Electronics,East,14,30.43
ORD-01023,2023-06-30,CUST-0170,Desk Lamp,Furniture,South,1,39.19
ORD-01024,2024-02-04,CUST-0092,Stapler,Office Supplies,West,2,19.16
ORD-01025,2024-03-24,CUST-0050,Ballpoint Pens (Box),Office Supplies,North,4,15.32
ORD-01026,2023-09-02,CUST-0139,Bookshelf,Furniture,East,7,149.99
ORD-01027,2024-04-05,CUST-0087,Laptop Pro 15,Electronics,North,1,1287.71
ORD-01028,2023-08-05,CUST-0118,Notebook A4,Office Supplies,Central,11,7.71
ORD-01029,2023-08-27,CUST-0037,Stapler,Office Supplies,West,2,20.3
ORD-01030,2024-04-27,CUST-0063,Stapler,Office Supplies,South,15,19.02
ORD-01031,2023-02-21,CUST-0025,Stapler,Office Supplies,West,5,20.21
ORD-01032,2023-03-07,CUST-0128,Printer Paper (Ream),Office Supplies,Central,14,13.38
ORD-01033,2023-08-14,CUST-0087,Wireless Mouse,Electronics,West,13,29.46
ORD-01034,2023-05-21,CUST-0055,Office Chair,Furniture,North,14,403.71
ORD-01035,2023-12-10,CUST-0194,Wireless Mouse,Electronics,West,2,28.99
ORD-01036,2024-01-14,CUST-0149,Desk Lamp,Furniture,North,3,38.52
ORD-01037,2024-01-21,,Notebook A4,Office Supplies,West,3,7.65
ORD-01038,2023-01-08,CUST-0167,USB-C Hub,Electronics,Central,15,51.92
ORD-01039,2024-03-02,CUST-0122,Ballpoint Pens (Box),Office Supplies,South,13,14.55
ORD-01040,2023-10-05,CUST-0045,Desk Lamp,Furniture,Central,8,40.76
ORD-01041,2023-07-04,CUST-0023,Ballpoint Pens (Box),Office Supplies,East,8,14.76
ORD-01042,2023-01-05,CUST-0136,Desk Lamp,Furniture,North,4,40.47
ORD-01043,2024-06-03,CUST-0169,Mechanical Keyboard,Electronics,South,8,127.08
ORD-01044,2023-07-18,CUST-0122,Wireless Mouse,Electronics,West,13,29.02
ORD-01045,2023-02-14,CUST-0054,Laptop Pro 15,Electronics,West,11,1267.67
ORD-01046,2024-04-09,CUST-0138,Laptop Pro 15,Electronics,South,2,1255.54
ORD-01047,2023-01-30,CUST-0061,Bookshelf,Furniture,West,9,151.38
ORD-01048,2023-11-30,CUST-0084,Standing Desk,Furniture,South,4,565.33
ORD-01049,2023-11-30,CUST-0106,Mechanical Keyboard,Electronics,South,2,128.37
ORD-01050,2023-08-14,CUST-0014,Wireless Mouse,Electronics,West,8,28.93
ORD-01051,2024-04-10,CUST-0118,USB-C Hub,Electronics,South,7,50.65
ORD-01052,2023-10-04,CUST-0178,Mechanical Keyboard,Electronics,Central,6,124.27
ORD-01053,2023-05-20,CUST-0108,Wireless Mouse,Electronics,South,14,30.77
ORD-01054,2023-08-14,CUST-0164,Stapler,Office Supplies,Central,5,20.8
ORD-01055,2023-08-24,CUST-0126,Wireless Mouse,Electronics,South,7,30.26
ORD-01056,2024-04-18,CUST-0189,Monitor 27in,Electronics,South,1,341.16
ORD-01057,2024-03-20,CUST-0152,Whiteboard,Office Supplies,South,4,83.3
ORD-01058,2023-01-06,CUST-0121,Standing Desk,Furniture,Central,1,524.34
ORD-01059,2024-06-27,CUST-0179,Standing Desk,Furniture,North,8,547.37
ORD-01060,2023-09-04,CUST-0178,Wireless Mouse,Electronics,West,9,31.34
ORD-01061,2023-05-16,CUST-0024,Office Chair,Furniture,North,5,399.18
ORD-01062,2023-11-09,CUST-0147,USB-C Hub,Electronics,Central,12,47.61
ORD-01063,2024-04-10,CUST-0181,Bookshelf,Furniture,West,13,145.26
ORD-01064,2024-01-15,CUST-0001,Sticky Notes (Pack),Office Supplies,North,8,9.87
ORD-01065,2023-12-07,CUST-0193,Desk Lamp,Furniture,East,1,40.78
ORD-01066,2023-08-01,CUST-0086,Notebook A4,Office Supplies,North,11,8.0
ORD-01067,2024-01-08,CUST-0094,Stapler,Office Supplies,West,1,20.23
ORD-01068,2024-01-10,CUST-0181,Office Chair,Furniture,North,3,402.42
ORD-01069,2023-07-29,CUST-0030,USB-C Hub,Electronics,West,6,51.18
ORD-01070,2023-08-03,CUST-0083,Notebook A4,Office Supplies,East,12,8.31
ORD-01071,2024-05-30,CUST-0017,Sticky Notes (Pack),Office Supplies,East,7,9.84
ORD-01072,2024-05-12,CUST-0121,Desk Lamp,Furniture,Central,9,40.7
ORD-01073,2024-06-29,CUST-0095,Stapler,Office Supplies,North,5,19.37
ORD-01074,2024-04-13,CUST-0046,Wireless Mouse,Electronics,East,2,31.36
ORD-01075,2023-03-20,CUST-0179,Wireless Mouse,Electronics,South,3,29.98
ORD-01076,2023-07-29,,Desk Lamp,Furniture,West,11,41.87
ORD-01077,2023-05-16,CUST-0189,Bookshelf,Furniture,North,6,146.86
ORD-01078,2023-03-06,CUST-0134,Laptop Pro 15,Electronics,East,14,1288.51
ORD-01079,2023-12-18,CUST-0125,Sticky Notes (Pack),Office Supplies,Central,11,10.16
ORD-01080,2024-06-26,CUST-0078,Printer Paper (Ream),Office Supplies,Central,9,12.51
ORD-01081,2023-11-10,CUST-0124,USB-C Hub,Electronics,East,13,52.34
ORD-01082,2023-02-18,CUST-0043,USB-C Hub,Electronics,Central,6,52.11
ORD-01083,2023-10-20,CUST-0178,USB-C Hub,Electronics,South,3,48.3
ORD-01084,2023-04-30,CUST-0113,Laptop Pro 15,Electronics,East,6,1283.05
ORD-01085,2023-07-30,CUST-0082,Desk Lamp,Furniture,East,12,38.58
ORD-01086,2024-04-04,CUST-0032,Desk Lamp,Furniture,North,3,39.61
ORD-01087,2024-05-26,CUST-0082,Notebook A4,Office Supplies,South,3,7.59
ORD-01088,2024-06-03,CUST-0122,Office Chair,Furniture,East,11,418.77
ORD-01089,2023-05-31,CUST-0114,Notebook A4,Office Supplies,East,10,8.14
ORD-01090,2024-05-05,CUST-0142,Stapler,Office Supplies,North,1,19.61
ORD-01091,2024-02-16,CUST-0092,Whiteboard,Office Supplies,North,14,78.6
ORD-01092,2023-07-19,CUST-0197,Whiteboard,Office Supplies,East,9,77.56
ORD-01093,2023-03-27,CUST-0172,Desk Lamp,Furniture,North,14,41.89
ORD-01094,2024-02-08,CUST-0155,Mechanical Keyboard,Electronics,Central,8,135.75
ORD-01095,2024-01-05,CUST-0110,Standing Desk,Furniture,East,3,543.73
ORD-01096,2023-01-13,CUST-0115,Monitor 27in,Electronics,Central,6,335.56
ORD-01097,2024-03-30,CUST-0074,Ballpoint Pens (Box),Office Supplies,South,7,15.45
ORD-01098,2024-03-10,CUST-0151,Ballpoint Pens (Box),Office Supplies,Central,15,14.37
ORD-01099,2023-08-01,CUST-0135,Monitor 27in,Electronics,East,8,334.8
ORD-01100,2024-01-20,CUST-0070,Wireless Mouse,Electronics,West,1,29.02
ORD-01101,2024-04-18,CUST-0036,Ballpoint Pens (Box),Office Supplies,South,10,14.52
ORD-01102,2024-01-26,CUST-0078,Monitor 27in,Electronics,Central,9,343.13
ORD-01103,2024-04-19,CUST-0040,Mechanical Keyboard,Electronics,East,1,127.39
ORD-01104,2024-04-28,CUST-0074,Wireless Mouse,Electronics,West,11,29.03
ORD-01105,2023-09-08,CUST-0127,Laptop Pro 15,Electronics,North,2,1312.85
ORD-01106,2024-01-06,CUST-0067,Whiteboard,Office Supplies,West,8,83.78
ORD-01107,2023-05-03,CUST-0005,Office Chair,Furniture,East,9,386.5
ORD-01108,2023-03-01,CUST-0178,USB-C Hub,Electronics,South,6,49.28
ORD-01109,2023-02-24,CUST-0092,Monitor 27in,Electronics,North,6,342.64
ORD-01110,2024-06-26,CUST-0050,Sticky Notes (Pack),Office Supplies,South,15,10.25
ORD-01111,2023-06-21,CUST-0176,Desk Lamp,Furniture,East,6,39.08
ORD-01112,2024-01-07,CUST-0037,Wireless Mouse,Electronics,North,9,28.9
ORD-01113,2023-10-16,CUST-0088,Office Chair,Furniture,South,13,384.09
ORD-01114,2023-06-08,CUST-0144,Desk Lamp,Furniture,Central,4,40.75
ORD-01115,2024-06-22,CUST-0180,Printer Paper (Ream),Office Supplies,North,9,12.88
ORD-01116,2023-03-20,CUST-0005,Wireless Mouse,Electronics,West,14,29.53
ORD-01117,2024-01-07,CUST-0153,USB-C Hub,Electronics,Central,14,51.31
ORD-01118,2023-12-17,CUST-0191,USB-C Hub,Electronics,North,12,48.6
ORD-01119,2023-05-26,CUST-0054,Ballpoint Pens (Box),Office Supplies,South,4,15.71
ORD-01120,2024-03-11,CUST-0020,Ballpoint Pens (Box),Office Supplies,North,13,15.4
ORD-01121,2024-03-17,CUST-0169,Laptop Pro 15,Electronics,Central,4,1312.1
ORD-01122,2024-04-25,CUST-0017,Wireless Mouse,Electronics,East,15,30.49
ORD-01123,2023-04-09,CUST-0053,Notebook A4,Office Supplies,Central,2,8.31
ORD-01124,2023-07-09,,Sticky Notes (Pack),Office Supplies,South,6,10.34
ORD-01125,2023-10-12,CUST-0129,Whiteboard,Office Supplies,Central,6,77.92
ORD-01126,2023-03-11,CUST-0004,Wireless Mouse,Electronics,Central,14,29.14
ORD-01127,2023-07-16,CUST-0138,Monitor 27in,Electronics,North,3,366.56
ORD-01128,2023-04-12,CUST-0182,Stapler,Office Supplies,West,4,19.72
ORD-01129,2023-07-09,CUST-0047,Bookshelf,Furniture,East,11,157.21
ORD-01130,2024-03-10,CUST-0029,Mechanical Keyboard,Electronics,East,9,125.1
ORD-01131,2023-04-23,CUST-0093,Desk Lamp,Furniture,East,3,40.22
ORD-01132,2023-02-11,CUST-0099,Wireless Mouse,Electronics,East,6,29.86
ORD-01133,2023-11-16,CUST-0142,Sticky Notes (Pack),Office Supplies,West,14,9.78
ORD-01134,2024-03-14,CUST-0122,Mechanical Keyboard,Electronics,East,14,125.82
ORD-01135,2024-05-18,CUST-0134,Sticky Notes (Pack),Office Supplies,North,2,9.61
ORD-01136,2024-02-09,CUST-0027,Standing Desk,Furniture,South,12,526.05
ORD-01137,2023-07-23,CUST-0104,Office Chair,Furniture,North,4,389.31
ORD-01138,2024-03-10,CUST-0183,Ballpoint Pens (Box),Office Supplies,Central,8,15.13
ORD-01139,2024-02-14,CUST-0104,Office Chair,Furniture,West,8,400.45
ORD-01140,2023-05-31,CUST-0065,Notebook A4,Office Supplies,West,8,7.99
ORD-01141,2023-05-18,CUST-0018,Laptop Pro 15,Electronics,West,2,1323.14
ORD-01142,2023-07-03,CUST-0040,Standing Desk,Furniture,East,10,556.7
ORD-01143,2023-04-09,CUST-0134,Notebook A4,Office Supplies,West,2,8.22
ORD-01144,2023-07-26,CUST-0130,Monitor 27in,Electronics,East,11,351.48
ORD-01145,2023-01-19,CUST-0031,Notebook A4,Office Supplies,West,1,7.95
ORD-01146,2024-01-21,CUST-0046,Bookshelf,Furniture,Central,8,152.38
ORD-01147,2023-11-07,CUST-0111,Stapler,Office Supplies,South,12,19.62
ORD-01148,2024-02-03,CUST-0173,Bookshelf,Furniture,West,13,152.39
ORD-01149,2024-04-26,CUST-0130,Bookshelf,Furniture,North,9,148.36
ORD-01150,2024-05-21,CUST-0091,Whiteboard,Office Supplies,East,7,78.55
ORD-01151,2023-01-29,CUST-0094,Whiteboard,Office Supplies,East,1,82.47
ORD-01152,2023-01-28,CUST-0098,Notebook A4,Office Supplies,North,15,7.93
ORD-01153,2024-01-01,CUST-0063,Standing Desk,Furniture,South,6,535.39
ORD-01154,2023-11-16,CUST-0017,Whiteboard,Office Supplies,East,2,76.91
ORD-01155,2023-06-23,CUST-0118,Laptop Pro 15,Electronics,West,9,1308.84
ORD-01156,2024-03-07,CUST-0151,Monitor 27in,Electronics,North,1,366.99
ORD-01157,2024-01-22,CUST-0026,Whiteboard,Office Supplies,West,7,76.79
ORD-01158,2023-07-30,CUST-0196,Office Chair,Furniture,East,8,386.66
ORD-01159,2023-11-03,CUST-0163,Office Chair,Furniture,North,7,413.6
ORD-01160,2023-08-08,CUST-0147,Monitor 27in,Electronics,West,5,360.65
ORD-01161,2023-04-05,CUST-0152,Ballpoint Pens (Box),Office Supplies,East,14,14.65
ORD-01162,2024-06-27,CUST-0020,Bookshelf,Furniture,East,7,150.06
ORD-01163,2023-11-04,CUST-0052,Standing Desk,Furniture,West,11,544.62
ORD-01164,2024-06-11,CUST-0047,Bookshelf,Furniture,North,11,151.91
ORD-01165,2024-06-12,CUST-0055,Printer Paper (Ream),Office Supplies,West,3,12.69
ORD-01166,2024-06-29,CUST-0112,Notebook A4,Office Supplies,Central,10,8.17
ORD-01167,2023-03-03,CUST-0038,Desk Lamp,Furniture,South,4,38.59
ORD-01168,2023-11-04,CUST-0017,Printer Paper (Ream),Office Supplies,South,7,13.44
ORD-01169,2023-10-01,CUST-0066,Printer Paper (Ream),Office Supplies,Central,5,12.65
ORD-01170,2023-09-02,CUST-0063,Wireless Mouse,Electronics,East,3,29.88
ORD-01171,2024-03-22,CUST-0052,Standing Desk,Furniture,South,11,537.49
ORD-01172,2023-01-30,CUST-0169,Monitor 27in,Electronics,Central,13,338.65
ORD-01173,2023-02-13,CUST-0015,Ballpoint Pens (Box),Office Supplies,North,8,14.71
ORD-01174,2023-11-02,CUST-0105,Printer Paper (Ream),Office Supplies,East,2,13.21
ORD-01175,2023-04-03,CUST-0036,Standing Desk,Furniture,South,14,528.65
ORD-01176,2024-05-27,CUST-0149,Stapler,Office Supplies,Central,2,19.49
ORD-01177,2023-04-03,CUST-0081,Mechanical Keyboard,Electronics,East,10,134.31
ORD-01178,2024-02-04,CUST-0109,Notebook A4,Office Supplies,South,12,7.71
ORD-01179,2023-06-29,CUST-0066,Mechanical Keyboard,Electronics,Central,5,124.22
ORD-01180,2024-06-30,CUST-0082,Office Chair,Furniture,Central,12,396.94
ORD-01181,2023-09-10,CUST-0038,Monitor 27in,Electronics,East,15,349.12
ORD-01182,2024-01-12,,Printer Paper (Ream),Office Supplies,Central,5,12.39
ORD-01183,2023-02-25,CUST-0062,Ballpoint Pens (Box),Office Supplies,East,15,15.07
ORD-01184,2023-11-13,CUST-0176,Sticky Notes (Pack),Office Supplies,North,12,10.02
ORD-01185,2023-08-31,CUST-0101,Printer Paper (Ream),Office Supplies,East,8,12.73
ORD-01186,2023-08-30,CUST-0042,Monitor 27in,Electronics,West,4,354.59
ORD-01187,2024-02-21,CUST-0021,Notebook A4,Office Supplies,West,1,7.97
ORD-01188,2024-02-27,CUST-0109,Stapler,Office Supplies,North,14,20.64
ORD-01189,2023-09-25,CUST-0155,Desk Lamp,Furniture,Central,2,40.94
ORD-01190,2024-04-09,CUST-0165,Ballpoint Pens (Box),Office Supplies,South,1,15.19
ORD-01191,2023-05-20,CUST-0079,Laptop Pro 15,Electronics,East,7,1309.85
ORD-01192,2023-04-24,CUST-0197,USB-C Hub,Electronics,South,4,51.72
ORD-01193,2024-02-25,CUST-0189,Notebook A4,Office Supplies,South,6,7.8
ORD-01194,2023-12-02,CUST-0107,Notebook A4,Office Supplies,East,5,7.74
ORD-01195,2024-01-22,CUST-0006,Printer Paper (Ream),Office Supplies,North,15,13.54
ORD-01196,2023-08-23,CUST-0051,Stapler,Office Supplies,East,2,20.39
ORD-01197,2023-06-22,CUST-0154,Laptop Pro 15,Electronics,East,7,1254.39
ORD-01198,2024-01-12,CUST-0184,USB-C Hub,Electronics,Central,10,49.67
ORD-01199,2024-04-09,CUST-0058,Printer Paper (Ream),Office Supplies,South,11,12.59
ORD-01200,2023-09-30,CUST-0034,Monitor 27in,Electronics,West,12,362.46
